제목,내용,기자,날짜
공공기관 ‘개인정보 관리수준 진단’ 대폭 강화한다,"개인정보보호위원회(위원장 고학수, 이하 ‘개인정보위’)는 11월 11일(금), 서울 종로구 정부서울청사에서 ‘2022년 공공기관 개인정보 관리수준 진단위원...",원병철 기자,2022년 11월 10일 15:09
삼성 스마트폰에서 세 가지 제로데이 취약점 발견돼,보안 블로그 시큐리티어페어즈가 구글 프로젝트 제로 팀의 발표를 인용해 삼성 스마트폰에서 세 가지 제로데이 취약점이 발견됐다고 보도했다. 이 취약점은 CVE...,문가용 기자,2022년 11월 10일 13:30
아웃룩과 선더버드 계정 훔치는 스트렐라스틸러 멀웨어, IT 외신인 블리핑컴퓨터에 의하면 스트렐라스틸러(StrelaStealer)라는 새로운 멀웨어가 등장했다고 한다. 아웃룩과 선더버드(Thunderbird)...,문가용 기자,2022년 11월 10일 13:29
"APT29, 유럽의 외교 단체들 공격하기 위해 윈도 익스플로잇",보안 외신 해커뉴스에 의하면 러시아의 APT 단체로 알려진 APT29가 잘 알려지지 않은 윈도 기능 중 하나인 크리덴셜로밍(Credential Roamin...,문가용 기자,2022년 11월 10일 13:27
디지털산업 활력 위해 12개 규제 혁신한다,과학기술정보통신부는 지난 9일 제2차 규제혁신전략회의(총리 주재)에서 ‘디지털산업 활력 제고 규제 혁신 방안’을 발표했다. 디지털 기술의 빠른 변화와 심화...,박미영 기자,2022년 11월 10일 11:20
"사이버보안 위협 급증하는 미래자동차, 국내 기업 3사의 보안 대응전략은? ",유엔유럽경제위원회(UNECE)는 올해 7월부터 유럽에서 생산되는 모든 자동차에 사이버보안을 위한 기술적 조치를 의무화할 것을 규정했다. 이렇듯 전 세계적으...,김영명 기자,2022년 11월 09일 23:09
"BEC 공격자이자 인스타그램 인플루언서, 11년형 선고 받아",나이지리아의 인스타그램 인플루언서인 허시퍼피(Hushpuppi)가 미국에서 11년 형을 선고받았다고 영국 일간지 BBC가 보도했다. 허시퍼피는 인스타그램에...,문가용 기자,2022년 11월 09일 16:58
"파이선 개발자들 노리는 악성 패키지들, 암호화폐 노린다","파이선 개발자들을 노리는 악성 파이선 패키지가 돌아다니는 중이라는 경고가 보안 외신 핵리드로부터 나왔다. 이 악성 패키지들은 수가 수십 개에 달하며, 전부...",문가용 기자,2022년 11월 09일 16:57
"아마디봇, 록빗3.0 랜섬웨어 유포 중",보안 외신 해커뉴스에 의하면 악명 높은 봇넷인 아마디봇(Amadey Bot)이 최근 유명 랜섬웨어인 록빗3.0(LockBit 3.0)과 손을 잡은 것으로 ...,문가용 기자,2022년 11월 09일 16:55
구글 크롬의 원격 제어 가능하게 해 주는 악성 플러그인 ,"IT 외신 블리핑컴퓨터에 의하면 크로미움 생태계에 악성 봇이 등장했다고 한다. 이 봇의 이름은 클라우드나인(Cloud9)이며, 악성 플러그인들을 피해자의 ...",문가용 기자,2022년 11월 09일 16:54
"화웨이, 5G 및 인공지능 기반 스마트 광산 구축 가속","화웨이가 5G, 인공지능 등 첨단 기술이 광산 산업 전환을 가속화함에 따라 스마트 광산 운영체제인 ‘마인하모니(MineHarmony)’를 출시한지 1년 만...",원병철 기자,2022년 11월 10일 15:35
정보보안 꿈나무를 위한 ‘사이버 가디언즈 콘퍼런스’ 성료,과학기술정보통신부(장관 이종호)와 한국정보기술연구원(원장 유준상)은 11월 9일(수)에 서울 영등포구에 위치한 루나미엘레 그랜드볼룸에서 ‘2022 사이버 ...,원병철 기자,2022년 11월 10일 15:23
"산업부, 데이터센터 수도권 집중 완화 방안 마련","산업통상자원부는 지난 9일 이호현 전력혁신정책관 주재로 한전 등 공공기관, 민간 전문가 및 업계 종사자 등이 참석하는 ‘데이터센터 지역 분산 간담회’를 개...",박미영 기자,2022년 11월 10일 11:02
"산업부 수출현장지원단, ICT 분야 수출 확대 방안 모색",산업통상자원부 수출현장지원단은 지난 9일 ICT 기업들의 수출 확대 지원을 위한 9차 간담회를 개최했다. 이번 간담회에는 소프트웨어·스마트시티·교통시스템·...,박미영 기자,2022년 11월 10일 10:59
"과기정통부, ‘글로벌 ICT 표준 컨퍼런스’ 개최","과학기술정보통신부는 지난 9일부터 11일까지 ‘글로벌 ICT 표준 컨퍼런스 2022(GISC 2022, Global ICT Standards Confere...",박미영 기자,2022년 11월 10일 10:56
"효성인포메이션시스템, ‘히타치 밴타라’ 가트너 매직 쿼드런트 프라이머리 스토리지 부문 리더 선정",데이터 인프라 및 솔루션 전문기업 효성인포메이션시스템(대표 양정규)은 ‘2022 가트너 매직 쿼드런트(Gartner® Magic Quadrant) 프라이머...,엄호식 기자,2022년 11월 10일 10:53
"검역본부, 빅데이터를 활용한 가축방역시스템 고도화 추진","농림축산검역본부는 국가재난형 가축전염병을 사전에 예방하고, 확산을 방지하기 위해 현재 운영하고 있는 국가가축방역통합시스템(KAHIS)을 빅데이터·인공지능 ...",박미영 기자,2022년 11월 10일 10:51
"문체부, 다중 이용 문화시설 52개소 특별 안전 점검 실시",문화체육관광부는 지난 9일부터 12월 8일까지 문체부 소관 다중 이용 문화시설에 대한 특별 안전 점검을 실시한다. 정부가 이태원 사고의 후속 조치로 실시하...,박미영 기자,2022년 11월 10일 10:50
"문체부, ‘2022 문화데이터 활용 경진대회 및 개방 우수기관 시상식’ 개최",문화체육관광부는 한국문화정보원과 함께  10일 ‘2022 문화데이터 활용 경진대회 및 개방 우수기관 시상식’을 개최했다. 행사에서는 제10회 경진대회 수상...,박미영 기자,2022년 11월 10일 10:45
"LG전자, 전장사업 디지털 전환으로 자동차 부품 품질 높인다","LG전자가 디지털 전환(DX, Digital Transformation)을 자동차 부품 개발 과정에 도입해 제품 품질을 향상시키고 전장사업 성장을 가속화한...",박미영 기자,2022년 11월 10일 10:31
"인천공항공사, 2022 대한민국 항공보안 경진대회 및 세미나 개최",인천국제공항공사(사장 김경욱)는 공사 인재개발원에서 국내 항공보안 전문가와 전국 공항의 우수 항공보안요원 300여명이 모인 가운데 ‘2022 대한민국 항공...,김영명 기자,2022년 11월 10일 10:30
"LG유플러스 서비스·플랫폼에 양자내성암호, 물리적 복제 방지 기술 이중 보안 적용",LG유플러스가 사물인터넷(IoT) 보안 전문 기업 ICTK홀딩스와 함께 개발한 양자 보안칩 적용 서비스 분야를 대폭 확대한다. 이를 위해 양사는 업무협약을...,박미영 기자,2022년 11월 10일 09:55
"삼성전자, 스마트싱스 홈 IoT 솔루션 적용 아파트 10만세대 돌파",삼성전자의 스마트싱스(SmartThings) 기반 홈 IoT 솔루션을 적용한 스마트 아파트가 10만세대를 돌파했다. 이는 국내 가전 업체로서는 가장 큰 규...,박미영 기자,2022년 11월 10일 09:54
"카카오, 전통시장의 디지털전환 돕는 프로젝트 확대 실시",카카오의 기업재단 카카오임팩트가 지난 9일 전통시장 소상공인의 디지털 전환과 소통을 돕는 ‘우리 동네 단골시장’ 대상을 전국 전통시장 10곳으로 확대했다고...,박미영 기자,2022년 11월 10일 09:51
"한국지질자원연구원, 데이터 품질인증 ‘최고 등급’ 획득",한국지질자원연구원(KIGAM)이 운영하는 ‘지오빅데이터 오픈 플랫폼’이 한국데이터산업진흥원의 데이터 품질인증(DQC-V) 심사에서 최고 등급인 ‘플래티넘 ...,박미영 기자,2022년 11월 10일 09:46
"천안시, 공간정보시스템 활용·보안 교육 실시",천안시가 지난 9일부터 10일까지 이틀간 신규 임용 공무원 등을 대상으로 ‘2022 공간정보시스템 활용 및 보안 관리 교육’을 실시했다. 공간정보시스템은 ...,박미영 기자,2022년 11월 10일 09:45
"심폐소생술 교육, 가까운 소방서로 신청하세요",세종시민 중 심폐소생술 교육을 받고 싶은 이들은 가까운 소방서를 방문하면 된다. 세종소방본부는 현재 관내 소방서 8곳에서 심폐소생술 상설 교육을 진행 중이...,박미영 기자,2022년 11월 10일 09:40
"세종시, 드론 기술 고도화로 신성장동력 마련한다",드론실증도시 세종시가 드론서비스 기술력 고도화로 상용화 실증을 위한 시험무대(테스트베드)로 도약하고 있다. 시는 ‘2022년 드론실증도시 구축 사업’ 최종...,박미영 기자,2022년 11월 10일 09:33
"교통안전공단, AI 영상분석 기반 첨단 단말기 및 관제시스템 시범 운영",한국교통안전공단은 위험물 운송차량 교통사고 관리 방안의 표준을 마련하고 기술을 고도화하기 위해 지난 9일 에이아이매틱스와 ‘AI 영상분석 기반 첨단 단말장...,박미영 기자,2022년 11월 10일 09:29
"DSEC 2022, 대구·경북 지역 사이버보안 위협과 대응 전략 논의의 장 마련",제8회 대구 사이버보안 콘퍼런스 2022(이하 ‘DSEC 2022’)가 10일 대구 엑스코(EXCO)에서 개최된다. 올해 DSEC 2022 주제는 ‘사이버...,김영명 기자,2022년 11월 09일 18:09
다크웹에 호주 국민 건강 기록 유출돼,보안 외신 시큐리티위크에 의하면 이번 주 수요일부터 다크웹의 한 공격 단체가 호주 건강 보험사의 내부 정보를 유출하기 시작했다고 한다. 해당 기업은 1천만...,문가용 기자,2022년 11월 09일 16:53
"[설문조사] 기업·기관 개인정보보호 담당자 1,488명에게 물었습니다 ","국내 기업의 개인정보보호 책임자 및 담당자들은 어떤 업무를 주로 하고 있으며,  개인정보보호를 위해 어떤 솔루션을 도입해서 활용하고 있을까? 이에 본지에서...",김영명 기자,2022년 11월 09일 15:57
"기업에 설치된 CCTV와 생체인식 장비, ‘개인정보’는 안전할까?",안전과 보안을 위해 CCTV나 지문인식 같은 생체인식 장비를 설치한 기업들이 늘어나면서 임직원들의 ‘개인정보’ 보호에 대한 논란이 지속되고 있다. 이에 개...,원병철 기자,2022년 11월 09일 15:53
"시놀로지, 내년 상반기 IP 카메라 출시한다",네크워크 스토리지 NAS(Network Attached Storage) 분야의 세계적인 기업 시놀로지(Synology)가 연례행사인 ‘Synology Us...,엄호식 기자,2022년 11월 09일 14:59
"방사청, ‘국방혁신 4.0’ 선도를 위한 국방반도체 발전전략 수립 토론회 개최",방위사업청은 서울대와 공동 주관으로 지난 8일 ‘미래 첨단 무기체계에 적용될 국방반도체 선제적 확보 통해 ‘국방혁신 4.0’을 선도한다’라는 슬로건으로 제...,박미영 기자,2022년 11월 09일 14:56
"유통데이터 활용, 새로운 비즈니스 모델을 찾다",산업통상자원부는 지난 8일 ‘제1회 유통데이터 활용 경진대회’를 개최했다. 이번 경진대회는 시장에서 판매되고 있는 상품에 대한 소비자 거래정보와 상품정보 ...,박미영 기자,2022년 11월 09일 14:55
실리콘밸리에서 우리 디지털 기업의 글로벌 진출 교두보 마련한다,과학기술정보통신부는 국내 디지털 기업의 미국시장 진출을 지원하기 위한 ‘K-Global@실리콘밸리 2022’를 실리콘밸리 현지에서 지난 7일부터 8일(미국...,박미영 기자,2022년 11월 09일 14:54
"주소, 현실을 넘어 가상세계 신산업 기반으로",행정안전부는 9일부터 11일까지 부산대에서 주소 기반 데이터·네트워크·인공지능(D.N.A.) 생태계 조성을 위한 대토론회를 개최하고 주소를 활용한 산업화 ...,박미영 기자,2022년 11월 09일 14:52
"농식품부, ‘스마트농업 육성 및 지원에 관한 법률’ 제정안 국무회의 통과",농림축산식품부는 ‘스마트농업 육성 및 지원에 관한 법률’ 제정안이 지난 8일 국무회의를 통과했다고 밝혔다. 지난 8일 제49회 국무회의 의결로 스마트농업의...,박미영 기자,2022년 11월 09일 14:50
"KT 구현모 대표, GSMA 이사회 멤버로 재선임",KT는 구현모 대표가 GSMA(세계이동통신협회) 이사회 멤버에 재선임됐다고 지난 8일 밝혔다. 세계 최대 이동통신사업자 연합체인 GSMA 이사회는 전 세계...,박미영 기자,2022년 11월 09일 14:49
"SK텔레콤, 기술에 대한 인사이트 교환의 장 ‘SK 테크 서밋 2022’ 개막","SK그룹의 기술 역량을 결집해 기술 생태계 조성을 도모하는 기술 컨퍼런스 ‘SK 테크 서밋’이 막을 올렸다. SK텔레콤은 SK그룹 17개사가 참여해 AI,...",박미영 기자,2022년 11월 09일 14:48
"LG유플러스-청주대, 메타버스 캠퍼스 연다","청주대 23학번 신입생들은 메타버스로 수업에 참여할 수 있게 된다. LG유플러스는 청주대와 대학 특화 메타버스 플랫폼 ‘메타라이프’(Meta-Life, C...",박미영 기자,2022년 11월 09일 14:47
"삼성전자, 제6회 ‘삼성 AI 포럼’ 개최",삼성전자가 지난 8일부터 이틀간 ‘삼성 AI 포럼 2022’를 개최했다. 올해로 6회째를 맞은 ‘삼성 AI 포럼’은 세계적인 AI(인공지능) 석학과 전문가...,박미영 기자,2022년 11월 09일 14:45
지하철 연단 간격·단차 정보 확인해 더욱 안전하게 탑승하세요,"서울교통공사와 카카오의 업무 협력으로, 지난 10월 11일부터 카카오맵 앱에 연단 간격과 단차 정보가 현시되고 있다. 승객이 연단 정보를 미리 확인하며 바...",박미영 기자,2022년 11월 09일 13:36
"춘천시, 운영 시스템 민간 클라우드 전환 완료… 22개 기관 중 1순위",춘천시 운영 시스템 중 춘천사랑상품권 홈페이지가 올해 전국 22개 기관 중 1순위로 민간 클라우드 기반 디지털 전환을 완료했다. 이를 시작으로 춘천시는 코...,박미영 기자,2022년 11월 09일 13:35
"DGIST, 국내 센서·반도체 전문가 총집합 ‘DGIF 2022’ 개최",DGIST는 9일과 10일 양일간 ‘DGIF 2022(DGIST Global Innovation Festival 2022)’를 개최한다. DGIF는 매년 ...,박미영 기자,2022년 11월 09일 13:34
양자컴퓨팅 분야 글로벌 경쟁력 확보 위해 국내 기업들 힘 모은다,한국과학기술정보연구원(KISTI)은 ‘양자정보과학 기술교류회 및 양자컴퓨팅 산업 선도기업 연합 창립총회’를 지난 8일 개최했다. 현재 우리나라의 양자정보 ...,박미영 기자,2022년 11월 09일 13:33
"남원시, 2023년 스마트빌리지 보급 및 확산사업 공모 선정",남원시는 과학기술정보통신부에서 주관하는 ‘2023년 스마트 빌리지 보급 및 확산’ 공모 사업에 선정돼 국비 10억원을 확보했다. 이번 공모 사업은 지역 현...,박미영 기자,2022년 11월 09일 13:31
"로봇산업진흥원, 2022 산학프로젝트 챌린지에 로봇 분야 5개 팀 본선 진출",한국로봇산업진흥원은 산업통상자원부 산업혁신인재성장지원사업의 일환인 로봇전문인력양성사업 산학프로젝트 5개 팀이 ‘2022년 산학프로젝트 챌린지’ 본선에 진출...,박미영 기자,2022년 11월 09일 13:30
"ETRI, ‘국가연구개발 우수 성과 100선’ 최다 선정",과학기술정보통신부가 발표한 ‘2022년 국가연구개발 우수 성과 100선’에 한국전자통신연구원(ETRI)의 성과 9건이 선정됐다. ETRI는 4년 연속으로 ...,박미영 기자,2022년 11월 09일 13:29
"여주시, 경기도 정보보안 관리실태 평가 결과 ‘2단계’ 향상","여주시는 2022년도 경기도 정보보안 관리실태 평가에서 S등급을 받았다. 이는 전년도 B등급에서 2단계 향상된 것으로, 다년간 정보보안 관리에 대한 실질적...",박미영 기자,2022년 11월 09일 13:27
"인천시, 인천남동산단에 스마트융합산업 선도할 지원센터 개소",인천시는 지난 8일 남동산업단지에 구축한 전국 최초의 ‘스마트융합제조지원센터’ 개소식을 개최했다고 밝혔다. 지원센터는 지난해 정부(산업통상자원부) 공모에 ...,박미영 기자,2022년 11월 09일 13:25
"인천경제청, 다목적 CCTV 확대 설치·개선 사업 준공",인천경제자유구역청은 ‘IFEZ(인천경제자유구역) 다목적 CCTV(폐쇄회로 TV) 확대 설치 및 개선 사업’이 지난달 말 완료됨에 따라 시민들에게 고품질의 ...,박미영 기자,2022년 11월 09일 13:24
"안양시, 지하보도 안심비상벨 20개소 설치",안양시가 시민 안전과 범죄 예방을 위해 공영주차장 및 공중화장실에 설치한 안심비상벨을 관내 지하보도까지 확대 설치하고 운영한다. 시는 행정안전부 재난안전관...,박미영 기자,2022년 11월 09일 13:22
"제주도, 월동채소 재배면적 드론 관측 조사 시작",제주도는 본격적인 생육·비대기에 접어든 주요 월동채소의 품목별 재배면적 조사를 위한 드론 촬영이 이번 달 7일부터 다음 달 16일까지 진행된다고 밝혔다.,박미영 기자,2022년 11월 09일 13:21
"교통안전공단, 우회전 차량 교통섬 지날 때 일시정지 비율 31.7% 불과","한국교통안전공단은 “전국 34개 교차로를 대상으로 우회전 시 횡단보도 앞 일시정지 실태를 조사한 결과, 일시정지한 비율이 교통섬이 있는 경우 31.7%·일...",박미영 기자,2022년 11월 09일 13:20
개정 ‘클라우드컴퓨팅법’ 시행에 따른 고시 개정안 설명회 열린다 ,"과학기술정보통신부(장관 이종호, 이하 과기정통부)와 한국인터넷진흥원(원장 이원태)은 오는 14일 오후 2시 서울역 공간모아 6층 대회의실에서 클라우드 보안...",김영명 기자,2022년 11월 09일 13:14
트렌드마이크로 “보안도 플랫폼 관점에서 통합적 접근 필요”,글로벌 클라우드 보안 선도 기업 트렌드마이크로(지사장 김진광)는 9일 개최한 2023년 전략 발표 기자 간담회에서 급변하는 IT 환경 및 확장된 공격 접점...,원병철 기자,2022년 11월 09일 11:35
2023년 디지털금융 및 사이버보안 ‘10대 이슈’는?,"사상 최대의 제로데이 취약점과 엔데믹 취약점 등 보안위협이 가속화되는 가운데, 이에 대응할 수 있도록 2023년 디지털금융과 사이버보안 분야에서 주목해야 ...",원병철 기자,2022년 11월 09일 11:26
"이스트소프트, AI 기술 기반 이미지로 글로벌 시장 공략",AI 서비스 전문기업 이스트소프트(대표 정상원)는 9일 글로벌 스톡 콘텐츠 전문기업 게티이미지코리아(대표 박건원)와 AI 기술을 활용한 이미지 생성 및 판...,김영명 기자,2022년 11월 09일 11:22
"포티넷, 고성능 차세대 방화벽 ‘포티게이트 1000F’ 시리즈 발표",광범위하고 자동화된 통합 사이버보안 분야의 글로벌 리더인 포티넷코리아(대표 조원균)는 최신 고성능 NGFW(차세대 방화벽)인 ‘FortiGate 1000F...,김영명 기자,2022년 11월 09일 11:21
"캡스텍, 지역기반 무인매장 정기관리 서비스 ‘브라우니 블랙’ 출시",종합시설관리 전문기업 캡스텍(대표이사 천세훈)은 ‘비대면 무인매장’ 시대에 발맞춰 무인매장 관리에 최적화된 솔루션을 선보인다고 9일 밝혔다. ‘캡...,엄호식 기자,2022년 11월 09일 11:18
"마크애니, 인공지능 기반 실종자 수색 솔루션 시범 운영 ‘시동’",통합정보보호 기업 마크애니(대표 최고)는 11월 17일부터 한 달간 제주특별자치도에서 인공지능 영상검색 및 이동경로 추적 솔루션을 시범 운영할 계획이라고 ...,엄호식 기자,2022년 11월 09일 11:17
"인섹시큐리티, 디지털포렌식 ‘CTI 기반 랜섬웨어 및 암호화폐 추적 세미나’ 개최","디지털 포렌식, 모바일 포렌식, 악성코드 포렌식 전문업체인 인섹시큐리티(대표 김종광)는 보안 및 디지털 포렌식 담당자들을 대상으로 ‘사이버 위협 인텔리전스...",김영명 기자,2022년 11월 09일 11:15
"CJ올리브네트웍스-KISA, 중소기업 정보보호 지원 위한 ‘화이트햇 투게더’ 결과공유회 연다","CJ올리브네트웍스(대표 차인혁)는 한국인터넷진흥원(원장 이원태. 이하 ‘KISA’), 파인더갭(대표 김오중)과 함께 올해 총 13개 중소기업에 대한 정보보...",김영명 기자,2022년 11월 09일 11:12
"‘국가사이버안보 기본법’ 속도내나... 국정원, 제정안 입법예고  ","국가정보원(이하 국정원)은 사이버공격에 대응하기 위해 8일 ‘국가사이버안보 기본법’ 제정안을 입법예고한다고 밝히며, 다음 달 19일까지 제정안에 대한 의견...",김영명 기자,2022년 11월 09일 08:47
휴대폰 데이터 유출방지 자율개선 민관협의회 출범,"방송통신위원회(위원장 한상혁, 이하 ‘방통위’)는 이동통신사, 유통협회, 한국소비자단체협의회, 중고폰 업계, 연구기관 등 관련 전문가 16명이 참여하는 ‘...",김영명 기자,2022년 11월 08일 19:24
"큐냅, ZFS 기반 QuTS hero h5.0.1 출시","컴퓨팅, 네트워킹 및 스토리지 솔루션의 선도적인 혁신 기업 큐냅(QNAP, 한국지사장 라이언 조)이 ZFS 기반 NAS 운영 체제의 최신 버전인 QuTS ...",엄호식 기자,2022년 11월 08일 16:18
"첨단 기술 적용 3개 소프트웨어 의료기기, 맞춤형 신속 분류 품목 첫 지정",식품의약품안전처는 신기술·융복합 기술 등을 적용해 새롭게 개발된 ‘피부암 영상검출·진단보조소프트웨어’ ‘언어음성 장애진단보조소프트웨어’ 및 ‘안구운동 분석...,박미영 기자,2022년 11월 08일 16:16
"소부장 기술 확보, ‘후속진단 특허 기반 연구개발 전략’으로 끝까지 지원한다",특허청은 반도체 등 소재·부품·장비(소부장) 경쟁력 강화 및 우수 특허 확보를 위해 ‘후속진단 특허 기반 연구개발 전략(IP-R&D)’을 지원한다.,박미영 기자,2022년 11월 08일 16:15
"식약처, 인공지능 의료기기 국제적 규제 조화 선도에 박차",식품의약품안전처는 ‘국제 의료기기 규제당국자 포럼(IMDRF)’ 내 인공지능(AI) 의료기기 실무그룹(working group)의 정례 회의를 지난 3일부...,박미영 기자,2022년 11월 08일 16:14
"산업부, 기업형 벤처캐피탈 주도 혁신기업 지원 스케일업 사업에 6개 기업 신청",산업통상자원부는 기업형 벤처캐피탈 주도의 혁신기업 지원 스케일업 펀드 운용사 모집에 6개 중견·대기업 계열 벤처캐피탈이 신청서를 제출했다고 밝혔다.,박미영 기자,2022년 11월 08일 16:12
"KT, 양자 채널 일원화 장비 개발",KT가 양자암호통신에서 양자 채널을 일원화하는 장비를 개발했다고 밝혔다. KT가 개발한 양자 채널 일원화 장비는 광 신호 간 간섭을 억제해 신호대 잡음비를...,박미영 기자,2022년 11월 08일 16:10
"KT-현대제뉴인, 공사 현장 시설물 보호 위한 기술 협력 맞손",KT가 지난 3일 현대제뉴인과 ‘상호 플랫폼 연동 및 기술 협력’에 관한 업무협약(MOU)을 체결했다고 밝혔다. 양사는 이번 협약을 통해 건설기계 위치정보...,박미영 기자,2022년 11월 08일 16:07
"권기섭 고용부 차관, 청년 일경험 활성화 위해 마이크로소프트사와 협력 방안 논의",고용노동부 권기섭 차관은 지난 7일 마이크로소프트(Microsoft)사와 협력 간담회를 통해 청년 일경험 등 고용 지원 프로그램 제공을 위한 협력 방안에 ...,박미영 기자,2022년 11월 08일 16:05
"과기정통부, ‘제5차 과학기술기본계획’ 대국민 공청회 개최",과학기술정보통신부는 지난 7일 ‘제5차 과학기술기본계획(2023~2027)(안)’ 수립을 위한 대국민 공청회를 개최했다. 제5차 기본계획은 과학기술기본법 ...,박미영 기자,2022년 11월 08일 16:01
"소방시설 자체 점검 대상 표본조사 결과, 190개소 중 79개소서 위반 사항 94건 적발","소방청은 지난 9월 26일부터 10월 7일까지 전국 소방시설 자체 점검 대상 190개소를 표본으로 시도 간 교차 조사를 실시한 결과, 79개소에서 94건의...",박미영 기자,2022년 11월 08일 16:00
"과기정통부, 2022년 국가연구개발 우수 성과 100선 선정",과학기술정보통신부는 ‘2022년 국가연구개발 우수 성과 100선’을 선정해 최종 발표했다. 우수 성과 100선은 국가 발전을 견인해 온 과학기술의 역할에 ...,박미영 기자,2022년 11월 08일 15:56
세상을 혁신할 첨단 산업 인재들의 꿈의 무대가 펼쳐진다,‘2022년 산업혁신인재 위크’ 행사가 8일부터 11일까지 일산 킨텍스에서 산업통상자원부(이하 산업부)가 주최하고 한국산업기술진흥원(이하 KIAT)이 주관...,박미영 기자,2022년 11월 08일 15:51
"LG전자, 협력사 사이버보안 챙긴다",LG전자가 ESG 경영을 강화하는 가운데 협력사의 사이버보안 경쟁력을 높이는 데 적극 나서며 지속가능한 상생(相生)을 실천한다. LG전자는 최근 ‘협력사 ...,박미영 기자,2022년 11월 08일 15:49
"삼성전자, 28㎓대역 5G 통신으로 업계 최고 전송 거리와 다운로드 속도 신기록 달성",삼성전자가 28㎓ 주파수를 활용한 장거리 5G 통신 시험에서 전송 거리와 다운로드 속도에서 글로벌 업계 신기록을 모두 달성했다. 삼성전자는 호주 이동통신업...,박미영 기자,2022년 11월 08일 15:47
"국가철도공단, 지속가능 성장을 위한 ‘2030 기술전략 로드맵’ 수립","국가철도공단은 정부의 국정기조 이행과 안전한 철도 구현, 미래 철도기술 선도를 위해 5대 혁신 기술을 기반으로 ‘2030 기술전략 로드맵’을 수립했다고 밝...",박미영 기자,2022년 11월 08일 15:45
"경기도, 안양시·한국광기술원과 ‘미래 먹거리’ 확장현실(XR) 산업 기반 구축",경기도가 ‘미래 먹거리’로 꼽히는 확장현실(XR) 산업 육성을 위해 기반 구축과 전문인력 양성에 나선다. 염태영 경기도 경제부지사는 지난 4일 안양 한국광...,박미영 기자,2022년 11월 08일 15:44
"경기도 의용소방대, 올해 심폐소생술 보급 교육 1만1,089회 실시","경기도 소방재난본부는 의용소방대가 올들어 9월까지 도민 23만8,312명을 대상으로 심폐소생술 보급 교육을 총 1만1,089회 실시했다고 밝혔다.",박미영 기자,2022년 11월 08일 15:43
"경기도, 실습 중심 안전 교육으로 ‘이륜차 배달노동자 안전 습관’ 키운다",경기도는 안전한 배달 서비스 생태계 조성을 위해 배달노동자 50명을 대상으로 ‘2022 이륜차 교통안전 실습 교육’을 추진한다고 밝혔다. 이번 교육은 최근...,박미영 기자,2022년 11월 08일 15:41
"KISTI, 첨단센서기술 지식연구회 발족",한국과학기술정보연구원(KISTI)은 지난 7일 ‘첨단센서기술 지식연구회’를 발족하고 발대식을 개최했다. KISTI는 본 지식연구회를 통해 지능형센서 데이터...,박미영 기자,2022년 11월 08일 15:38
"특구재단, 과학벨트 취·창업 페스티벌 개최",연구개발특구진흥재단(특구재단)은 국제과학비즈니스벨트(이하 과학벨트)의 연구개발(R&D) 분야 일자리 맞춤 알선 및 창업문화 활력을 위해 ‘과학벨트 취·창업...,박미영 기자,2022년 11월 08일 15:36
"신용정보원, ‘금융데이터 컨퍼런스 2022’ 개최",한국신용정보원이 주최하는 ‘금융데이터 컨퍼런스 2022’가 오는 21일 오후 2시 대한상공회의소(국제회의장)에서 온·오프라인으로 동시 개최될 예정이다.,박미영 기자,2022년 11월 08일 15:35
"부산시, 양자정보기술 생태계 기반 조성을 위한 업무협약 체결","부산시는 지난 7일 한국전자통신연구원(ETRI), 동서대, 한국퀀텀컴퓨팅(KQC)와 부산시 양자정보기술 생태계 기반 조성을 업무협약을 체결했다.",박미영 기자,2022년 11월 08일 15:33
"경북교육청, 전년 대비 정보보호 수준 한층 강화됐다","경북교육청은 지난 10월 직속기관 및 교육지원청을 대상으로 실시한 정보보호 수준 진단 결과, 전년 대비 정보보호 수준이 한층 강화됐다고 밝혔다.",박미영 기자,2022년 11월 08일 15:32
"구리시, 정보보안 관리실태 평가 종합 결과 ‘최초 S등급’ 쾌거",구리시는 지난 10월 말 경기도 시군 정보보안 관리 실태 평가 종합 결과 발표에서 시 최초로 최우수 등급인 ‘S등급’을 받는 쾌거를 달성했다.,박미영 기자,2022년 11월 08일 15:31
"대구소방, 서대구역사 테러 대응 합동 훈련 실시",대구소방안전본부 119특수구조대는 지난 3일 한국철도공사 서대구역에서 테러에 대비한 유관기관 통합 대응 훈련을 실시했다고 밝혔다. 이번 훈련은 드론에 의한...,박미영 기자,2022년 11월 08일 15:30
"남원시, 드론특별자유화구역 지정 참여기관·기업 공동 협력 업무협약 체결",남원시는 지난 7일 국토교통부가 시행하는 ‘드론 특별자유화구역’ 지정·운영을 위한 공동 협력 업무협약을 15개 기관 및 기업과 체결했다.,박미영 기자,2022년 11월 08일 15:28
"임업진흥원, ‘산림빅데이터 플랫폼’ 새로운 비즈니스 창출 모델로",한국임업진흥원은 8일 한국지능정보사회진흥원(NIA)에서 주최하는 ‘빅데이터 플랫폼 Meet-Up Day’를 통해 산림빅데이터 플랫폼의 성공 사례를 공유했다...,박미영 기자,2022년 11월 08일 15:27
"사천시, 2022년 재난대응 안전한국훈련 실시",사천시는 대규모 재난에 대비해 재난 대응 체계 점검과 유관기관과의 협업 체계 구축을 위해 오는 14일부터 25일까지 2주간 ‘2022년 재난대응 안전한국훈...,박미영 기자,2022년 11월 08일 15:25
"강서구, 실전 같은 재난훈련으로 구민안전 지킨다",서울 강서구가 각종 재난사고로부터 구민의 소중한 생명과 재산을 지키기 위해 실전 같은 훈련에 들어간다. 구는 오는 14일부터 25일까지 자연과 공존하는 안...,박미영 기자,2022년 11월 08일 15:24
"마포구, ‘스스로 위기 탈출!’ 찾아가는 어린이 안전 체험 교육 실시",마포구는 어린이들의 안전사고를 예방하고 위기 상황에 스스로 대처하는 능력을 키우기 위해 초등학생을 대상으로 ‘찾아가는 어린이 안전 체험 교육’을 실시한다.,박미영 기자,2022년 11월 08일 15:22
"성동구, 재난 상황 발생 시 종합정보 한눈에 본다","성동구는 태풍, 폭설 등 재난 상황 발생 시 관련 정보를 종합해 볼 수 있는 재난 상황 안내 홈페이지를 개발해 지난 1일부터 본격적인 운영을 시작했다고 밝...",박미영 기자,2022년 11월 08일 15:20
우경정보기술 ‘2022 대한민국 ICT융합 엑스포’ 참가,인공지능 전문기업 우경정보기술(대표이사 박윤하)이 11월 11일까지 대구 엑스코에서 개최되는 ‘2022 대한민국 ICT융합 엑스포’에 참가했다. 지역 최대...,엄호식 기자,2022년 11월 08일 15:18
"매그니베르 랜섬웨어, 윈도 MOTW 우회해 타이포스쿼팅 방식 유포 ",매그니베르(Magniber) 랜섬웨어가 파일 출처 확인이 가능한 마이크로소프트 윈도의 MOTW 기능을 우회하면서 타이포스쿼팅 방식으로 활발하게 유포되는 것...,김영명 기자,2022년 11월 08일 15:12
"마이크로소프트, ‘마이크로소프트 이그나이트 스포트라이트 온 코리아’ 15일 개최",한국마이크로소프트가 오는 15일 인터컨티넨탈 서울 코엑스 호텔에서 ‘마이크로소프트 이그나이트 스포트라이트 온 코리아(Microsoft Ignite Spot...,김영명 기자,2022년 11월 08일 14:48
"화웨이, 5G 비즈니스 성공을 위한 새로운 5G 솔루션 선봬","화웨이가 이동통신사업자의 5G 네트워크 구축을 지원하는 새로운 5G 솔루션을 공개했다. 5G가 상용화된 지난 3년 간 네트워크 커버리지, 단말기, 사용자 ...",원병철 기자,2022년 11월 08일 14:41
"KISA, ‘제2회 메타버스 보안 세미나’ 개최","한국인터넷진흥원(KISA, 원장 이원태)은 주요 전방산업으로 급격히 확산 중인 메타버스 서비스와 융합산업의 보안강화를 위해 산업별 보안적용 방안을 제시하는...",원병철 기자,2022년 11월 08일 14:30
"저스티스 블레이드 해커단체, 사우디아라비아 표적으로 관련 기업 해킹",보안 블로그 시큐리티어페어즈는 스스로를 ‘저스티스 블레이드(Justice Blade)’라고 부르는 해커조직이 사우디아라비아를 비롯한 걸프만 협력회의(GCC...,권준  기자,2022년 11월 08일 14:13
"미국 법무부, 다크웹 시장에서 50,000개 비트코인 홈친 해커 유죄 평결 발표 ","IT 외신 블리핑컴퓨터에 따르면 미국 법무부가 다크웹 시장 ‘실크로드’에서 50,000개의 비트코인을 훔친 해커 제임스 종(James Zhong)의 유죄 ...",권준  기자,2022년 11월 08일 14:11
구글 플레이 등록 앱 가운데 악성 앱 4개 발견,"보안 외신 핵리드에 의하면 2022년 11월 1일, 멀웨어바이트 랩의 애널리스트 네이선 콜리어(Nathan Collier)는 구글 플레이 스토어에서 승인 ...",권준  기자,2022년 11월 08일 14:02
"최근 유포 중인 Azov 랜섬웨어, 한 번에 666바이트의 데이터 파괴",IT 외신 블리핑컴퓨터에 의하면 최근 전 세계적으로 많이 유포되는 Azov 랜섬웨어가 의도적으로 피해자의 데이터를 파괴하고 다른 프로그램을 감염시키는 데이...,권준  기자,2022년 11월 08일 13:27
"순천시, ‘순천시 다중 운집 행사 안전관리에 관한 조례안’ 제정",순천시는 이태원 사고와 같은 다중 운집 행사의 사고 재발 방지와 예방을 위해 ‘순천시 다중 운집 행사 안전관리에 관한 조례(안)’를 전국 최초로 제정한다고...,박미영 기자,2022년 11월 08일 13:06
"경기도소방, 11월~내년 2월 겨울철 소방안전대책 추진한다",경기도 소방재난본부는 대형 화재로 인한 인명 피해를 줄이기 위해 11월부터 내년 2월까지 4개월간 ‘2022년 겨울철 소방안전대책’을 추진한다고 밝혔다.,박미영 기자,2022년 11월 08일 13:04
"시큐레터, 문화체육관광부 및 한국교직원공제회 보안사업 수주",악성코드 탐지 및 차단 전문기업 시큐레터(대표 임차성)가 문화체육관광부 및 한국교직원공제회의 보안사업을 수주했다고 8일 밝혔다. 시큐레터는 올해 주요 증권...,김경애 기자,2022년 11월 08일 12:59
"파수, 국가과학기술인력개발원에 문서 관리 솔루션 제공",파수(대표 조규곤)가 국가과학기술인력개발원에 차세대 문서 관리 플랫폼 ‘랩소디(Wrapsody)’를 공급했다. 문서가상화 기술을 적용한 파수의 랩소디는 문...,김경애 기자,2022년 11월 08일 12:57
"파이오링크, 3분기 매출로는 역대 최대... 전년 대비 매출 17% 증가",클라우드 데이터센터 최적화 전문 기업인 파이오링크(대표 조영철)가 8일 공시를 통해 2022년 3분기 누적매출이 전년 동기 대비 17% 가량 증가한 약 4...,김경애 기자,2022년 11월 08일 11:55
"아크로니스, 카티아 이바노바 최고영업책임자 임명","통합 사이버 보호 선두기업 아크로니스(지사장 고목동)는 오늘, 본사가 아크로니스의 전세계 영업 조직을 이끌 새로운 최고 영업 책임자(CSO)로 카티아 이바...",김경애 기자,2022년 11월 08일 11:50
"스틸리언, 모바일 화면 캡처 방지 보안 솔루션 GS 인증 획득",사이버 보안 기업 스틸리언(대표 박찬암)은 모바일 화면 캡쳐 방지 솔루션 ‘앱수트 안티캡처’ 가 GS 인증 1등급을 획득했다고 8일 밝혔다. 이로써 스틸리...,김경애 기자,2022년 11월 08일 11:46
"하이테라, JTBC 골프예능 ‘버디보이즈’에 디지털무전기와 바디캠 협찬",전문 모바일 무전기 (PMR : Professional Mobile Radio) 통신 솔루션 선도 기업인 하이테라(Hytera)가 JTBC의 새 골프 예능...,엄호식 기자,2022년 11월 08일 11:44
"안랩블록체인컴퍼니, ‘2022 드림플러스 블록체인 해커톤’ 공식 파트너로 참가",안랩의 블록체인 자회사 안랩블록체인컴퍼니(대표 강석균)는 이달 25일부터 2박 3일간 서울 서초구 ‘한화생명 드림플러스 강남’에서 열리는 ‘2022 드림플...,김영명 기자,2022년 11월 08일 11:41
제14회 ‘코드게이트 2022’ 개최... 일반부 우승은 ‘The Duck’팀,국내 대표 국제해킹방어대회이자 글로벌보안컨퍼런스인 제14회 ‘코드게이트 2022’가 11월 7일부터 8일까지 서울 코엑스 그랜드볼룸에서 개최됐다. 올해로 ...,원병철 기자,2022년 11월 08일 11:36
"LG CNS, 거점 오피스 10배 이상 확대해 업무 효율성 극대화",DX전문기업 LG CNS가 거점 오피스를 대폭 확대해 업무 효율성을 극대화하고 임직원의 근무환경 혁신도 가속화한다. LG CNS는 최근 공유 오피스 기업 ...,김영명 기자,2022년 11월 08일 11:31
"FIDO 얼라이언스, 오는 12월 6일 ‘2022년 퍼블릭 세미나’ 개최","패스워드 기반 온라인 인증이 야기하는 문제점을 해결하고자 전 세계 300여개 기업과 정부, 공공기관이 함께하는 글로벌 기술표준화 비영리 단체 FIDO 얼라...",엄호식 기자,2022년 11월 07일 17:42
"NHN 클라우드, 모바일 앱 보호 ‘NHN 앱가드’로 모바일 보안 시장 공략 박차","NHN 클라우드(대표 백도민, 김동훈)의 모바일 앱 보호 서비스 ‘NHN AppGuard(이하 ‘NHN 앱가드’)’가 1,300개 이상 모바일 애플리케이션...",김영명 기자,2022년 11월 07일 17:07
"국내에서 활용도 높은 웹 에디터 8개, 주요 보안 취약점과 해결방안은? ","한국인터넷진흥원(KISA)은 중소기업 침해사고 피해지원 서비스 사업 수행 중 홈페이지에 기반한 악성코드 유포 및 개인정보 유출, 해킹 경우지 악용 등의 주...",김영명 기자,2022년 11월 07일 16:46
프루프포인트 CISO가 전망하는 2023년 사이버보안 이슈 7 ,"전세계 기관·조직을 파고든 사이버공격으로 정보보호최고책임자(CISO)들은 더없이 힘든 한 해를 보내고 있다. 랜섬웨어, 국가 주도 위협 행위자, 공급망 취...",김경애 기자,2022년 11월 07일 16:07
[인사] 인사이트코리아,△편집국장(이사) 장원수,권준  기자,2022년 11월 07일 16:05
"마이크로소프트, 공개된 제로데이 취약점 활용하는 공격 증가 경고",마이크로소프트는 회사 서버나 시스템에 침입하기 위해 공개된 제로데이 취약점을 악용하는 국가지원 해커조직과 사이버 범죄자들이 크게 증가하고 있다고 2022 ...,권준  기자,2022년 11월 07일 15:27
"록빗 3.0 랜섬웨어, Kearney & Company 데이터 탈취 주장",보안 외신 시큐리티어페어즈에 따르면 록빗(LockBit) 3.0 랜섬웨어 조직이 컨설팅 및 IT 서비스 제공업체인 Kearney & Company로부터 데...,권준  기자,2022년 11월 07일 15:18
마이크로소프트 Dynamics 365 Customer Voice 악용해 자격증명 훔치는 피싱 캠페인,보안 외신 핵리드에 의하면 마이크로소프트의 Dynamics 365 Customer Voice의 설문조사 기능으로 위장한 악성 이메일를 보내 자격증명을 훔치...,권준  기자,2022년 11월 07일 15:09
[테크칼럼] 의료용 IoT 디바이스의 위협? 저전력 블루투스 의료기기의 취약성,사물인터넷(IoT)을 통해  커넥티드 디바이스의 새로운 분야가 시작되고 있다. 제조업체들이 헤드셋과 키보드를 넘어 더욱 다양한 방식을 시도하고 있다. 이러...,원병철 기자,2022년 11월 07일 14:50
"아스트론시큐리티 조근석 대표 “클라우드 보안, 필연적으로 성장할 수밖에 없어”","직원의 75%가 연구개발자로 구성된 아스트론시큐리티는 클라우드 환경 연구 및 개발, 클라우드 취약점과 해킹 연구 및 개발, 네이티브 환경 담당자 등 클라우...",김경애 기자,2022년 11월 07일 14:42
온라인광고분쟁 자율규제 결의 선언식 개최... 26개 회원사 참여,"한국인터넷진흥원(KISA, 원장 이원태)은 한국디지털광고협회(회장 목영도)와 함께 광고업계 협력의지를 담은 온라인광고분쟁 관련 자율규제 결의 선언식을 지난...",원병철 기자,2022년 11월 07일 13:54
[BN미팅] 시큐아이 박사홍 프로가 뽑은 최근 보안이슈 TOP 3,라떼 시절을 연상케 하는 옛 감성의 노래를 즐겨듣고 펌프를 좋아하는 시큐아이 박사홍 프로는 차세대 보안리더 양성프로그램(BoB) 7기 보안제품개발트랙과 함...,김경애 기자,2022년 11월 07일 13:44
"안랩, ‘BIXPO 2022’에서 에너지·전력 분야 보안 솔루션 소개",안랩(대표 강석균)이 2일부터 4일까지 광주 김대중컨벤션센터에서 열린 ‘빛가람 국제 전력기술 엑스포 2022(이하 ‘BIXPO 2022’)’에 참가해 에너...,김영명 기자,2022년 11월 07일 11:54
"알체라 얼굴인식 솔루션, 국제표준화기구 ‘얼굴 위·변조 탐지 성능’ 인증",영상인식 AI 전문기업 알체라가 자사 얼굴인식 솔루션이 미국 iBeta의 ‘얼굴 위·변조 탐지 성능(PAD : Presentation Attack Dete...,엄호식 기자,2022년 11월 07일 11:50
"IT와 OT의 융합에서 가장 간과되는 것, 라스트 마일","사물인터넷이 넘쳐나는 시대에, 우리는 어딜 가도 인터넷 연결이 가능하고, 그러므로 클라우드도 자유롭게 사용할 수 있게 됐다. 애플리케이션 선택지도 광활하게...",문가용 기자,2022년 11월 07일 00:19
[Security Cafe] 18년간 이어진 정보보안 대표 나눔터 ‘시큐리티플러스’,지금이야 정보보안에 대한 관심도 높고 관련 자료도 많아져서 조금만 수고하면 필요한 자료를 찾을 수 있다. 하지만 2000년대만 해도 정보보안 관련 기업이나...,원병철 기자,2022년 11월 07일 00:13
[대중문화와 보안] 넷플릭스 드라마 ‘매니페스트’로 본 보안위협과 항공보안,넷플릭스 드라마 ‘매니페스트’는 어떻게 보면 일반적인 항공보안 소재 드라마와는 약간 결이 다르다. 항공기에 보안상 위험물품을 갖고 타서 항공기나 승객을 납...,김영명 기자,2022년 11월 06일 23:28
"한드림넷, ‘2022 대한민국 ICT융합 엑스포’ 참가, 보안스위치 신제품 소개",한드림넷(대표 서현원)이 오는 9일부터 11일까지 대구 엑스코에서 개최되는 ‘2022 대한민국 ICT융합엑스포(ITCE 2022)’에 참가해 클라우드 보안...,원병철 기자,2022년 11월 06일 10:09
"해커조직 ‘킬넷’, 미국 주요 공항 웹사이트 디도스 공격... 한국도 보안 ‘경고등’  ",친러 해커조직인 ‘킬넷(Killnet)’이 미국 주요 공항 웹사이트를 대상으로 디도스 공격을 감행하는 등 사이버위협이 고조됨에 따라 우리나라도 주요 항공 ...,권준  기자,2022년 11월 05일 23:08
"[주말판] 혼돈의 시대, CIO의 역할이 가장 많이 흔들린다","CIO로 살아가기 참 골치 아픈 시대다. 능숙해져야 할 기술만 모아도 백과사전 한 질이 나올 정도인데, 직원들은 계속 집에서 근무하고 싶다고 그러고, 그나...",문가용 기자,2022년 11월 05일 12:24
‘여기 CCTV 있어요!’... CCTV LED 안내판 설치 확대한다  ,"관악구가 범죄 예방과 안전 도시 인프라 구축을 위해 CCTV 및 비상벨이 작동 중임을 알려주는 ‘CCTV LED 안내판’을 설치한다. 관악구에는 총 1,6...",박미영 기자,2022년 11월 05일 12:13
"관악구, 장애인 재난사고 제로에 도전한다",관악구가 각종 재난·안전사고로부터 장애인의 안전을 강화하기 위해 장애인 재난안전 종합 대책을 마련하고 더 촘촘하고 탄탄한 안전망 구축에 나선다.,박미영 기자,2022년 11월 05일 12:10
"국가철도공단, ‘2022 재난대응 안전한국훈련 국민체험단’ 모집",국가철도공단은 오는 23일 예정된 ‘2022 재난대응 안전한국훈련’ 실시에 앞서 다양한 계층의 경험과 의견 수집을 통한 재난대응역량 향상을 위해 ‘2022...,박미영 기자,2022년 11월 05일 12:09
‘우유 짜기’도 무인로봇 시대,"충남도가 국산 로봇착유기를 처음 보급하며, ‘디지털 낙농’ 기반 확보에 본격 나섰다. 도 농업기술원은 농촌진흥청 국립축산과학원의 ‘한국형 로봇착유기 보급 ...",박미영 기자,2022년 11월 05일 12:07
"수원시, 소프트웨어 로봇과 업무 협업… 디지털 행정혁신 박차",수원시가 소프트웨어 로봇인 RPA(Robotic Process Automation)를 시범 도입해 ‘디지털 행정혁신’에 박차를 가한다. 단순·반복 업무를 ...,박미영 기자,2022년 11월 05일 11:56
"중앙대 다빈치AI대학원, 딥러닝 기반 군중분석 기술개발",중앙대 다빈치AI대학원이 딥러닝 기술을 기반으로 다수의 사람이 밀집한 공간에서 발생하는 이상 행동과 인원 규모를 사전에 파악할 수 있는 ‘군중분석’ 기술을...,박미영 기자,2022년 11월 05일 11:54
"현대차-국회사무처, 국회 자율주행차 도입 업무협약 체결",현대차가 국회사무처와 함께 내년 상반기 중 인공지능(AI)과 자율주행 기술을 결합한 ‘국회 자율주행 셔틀’을 선보인다. 현대차는 지난 4일 국회사무처와 ‘...,박미영 기자,2022년 11월 05일 11:52
"가을 단풍철, ‘산불 위험 비상’ 산불 조심하세요",산림청 국립산림과학원 산림재해예측·분석센터는 가을철 산불 발생위험이 고조됨에 따라 가을철 산불 조심 기간(11.1.~12.15)을 설정하고 산림과 인접한 ...,박미영 기자,2022년 11월 05일 11:50
"정부, 다중이용시설 긴급 안전점검 추진한다",행정안전부는 지난 4일 이상민 행정안전부 장관 주재로 관계부처와 17개 시·도가 참여한 가운데 2022년 제6차 안전정책조정위원회 및 제5회 중앙지방정책협...,박미영 기자,2022년 11월 05일 11:46
"미래 산업 초격차 확보 위해 국가적 역량 결집, ‘첨단전략산업 국가 컨트롤타워’ 출범",정부는 지난 4일 한덕수 국무총리 주재로 제1차 ‘국가첨단전략산업위원회’를 개최했다. 정부는 글로벌 기술패권 경쟁 및 첨단산업 육성 경쟁에 대응해 ‘국가첨...,박미영 기자,2022년 11월 05일 11:45
"5년에 걸쳐 진행된 사이버 보험 관련 재판, 결론에 가까워졌다",오레오 쿠키와 리츠 크래커로 유명한 회사 몬델레즈 인터내셔널(Mondelez International)이 사이버 보험사와의 오랜 법정 공방을 마무리 짓는 ...,문가용 기자,2022년 11월 05일 00:25
웹하드에서 성인 게임이나 크랙 버전 잘못 받았다간... 디도스 봇 악성코드 감염  ,ASEC 분석팀에서는 최근 ‘HH IRC Bot’이라고 하는 DDoS 봇 악성코드가 유포되고 있는 것을 확인했다. 악성코드에서 사용되는 문자열 및 기능들을...,김영명 기자,2022년 11월 04일 23:45
"한화에어로스페이스, 폴란드와 다연장로켓 ‘천무’ 5조원 수출 계약 체결 ",한화디펜스와 통합한 한화에어로스페이스가 폴란드 정부와 다연장로켓인 천무의 수출 계약을 체결했다. 한화에어로스페이스는 4일 폴란드 바르샤바에서 폴란드 정부와...,엄호식 기자,2022년 11월 04일 23:37
"한국표준협회, ‘2022 혁신경영 표준화 포럼’ 성황리 개최",KSA 한국표준협회(회장 강명수)가 주관하는 ‘혁신경영 표준화 포럼’이 4일 서울 삼성동에 있는 인터컨티넨탈 서울 코엑스 알레그로홀에서 개최됐다. ,김영명 기자,2022년 11월 04일 13:41
[신간] 탄산수 정보처리기사 필기,2023년 최신 NCS 출제 기준을 알기쉽게 반영한 ‘탄산수 정보처리기사 필기’ 도서가 출간됐다. 이 책은 핵심이론과 기출문제 분석은 물론 저자의 무료 특...,김경애 기자,2022년 11월 04일 13:15
사이버 보험 업계의 혼란 속에서 고객들은 어떤 서비스를 요구해야 하나?,"사이버 보험 시장은 여전히 변수가 많은 곳이다. 솔직히 말해, 보험사들조차도 아직 고객들에게 정확히 뭘 제공해야 하는지 잘 알지 못한다. 늘 그랬던 건 아...",문가용 기자,2022년 11월 04일 12:39
혼란스러운 정세 속에서 기업들이 다시 생각해야 할 것은 ‘신뢰’,어떤 국가에서의 사업을 철수해야만 할까? 잘 지내왔던 파트너사와 더 이상 거래를 할 수 없게 될까? 혹여 이런 급작스러운 상황 때문에 IT 인프라를 다시 ...,문가용 기자,2022년 11월 04일 12:36
블랙바스타 랜섬웨어와 핀7 해킹 그룹 사이의 연관성 드러나,보안 외신 해커뉴스에 의하면 블랙바스타(Black Basta)라는 랜섬웨어 운영자들과 핀7(FIN7)이라는 해킹 단체가 꽤나 밀접한 관계인 것이 드러났다고...,문가용 기자,2022년 11월 04일 12:29
"록빗 랜섬웨어 갱단, 자동차 테크 대기업 콘티넨탈 공격",보안 블로그 시큐리티어페어즈에 의하면 록빗(LockBit)이라는 악명 높은 랜섬웨어 갱단이 자동차 산업 내 다국적 하이테크 기업인 콘티넨탈(Continen...,문가용 기자,2022년 11월 04일 12:24
"롬콤랫 멀웨어, 키패스와 솔라윈즈, 빔 등의 서비스 사칭",IT 외신 블리핑컴퓨터에 의하면 롬콤랫(RomCom RAT)이라는 멀웨어를 운영하는 자들이 여러 유명 서비스들을 사칭해 멀웨어를 유포하고 있다고 한다. 특...,문가용 기자,2022년 11월 04일 12:22
"적십자, 사이버전 대비한 디지털 엠블럼 제작에 나서",보안 외신 시큐리티위크에 의하면 적십자가 디지털 시스템 상에 적십자를 표현할 수 있는 디지털 엠블럼을 만들 계획을 세우고 있다고 한다. 국가의 해킹 부대나...,문가용 기자,2022년 11월 04일 12:21
"오퍼레이어 APT, 아프리카의 금융 기관들 집중 공략",보안 외신 해커뉴스에 의하면 프랑스어를 구사하는 해킹 단체 오퍼레이어 APT(OPERA1ER APT)가 최근 아프리카 대륙에서 활발한 활동을 펼치는 중이라...,문가용 기자,2022년 11월 04일 12:19
"[유경동의 IP 인사이트] 특허, 누리호를 쏘아 올리다  ","지금 우리 머리 위 대기권 밖 우주 공간에는, 우리 기술로 만든 1.3톤급 위성 모사체와 162.5㎏짜리 성능검증 위성이 떠있다. 이들 위성을 싣고 우주로...",원병철 기자,2022년 11월 04일 11:26
"KISA, 재중 한국기업 대상 개인정보보호 세미나 개최 ","한국인터넷진흥원(KISA, 원장 이원태)은 개인정보보호위원회(위원장 고학수)와 함께 중국 소재 한국기업을 대상으로 중국 개인정보보호법 세미나를 중국 북경에...",원병철 기자,2022년 11월 04일 10:59
"화웨이, 혁신적인 5G 기술로 안전하고 효율적인 스마트 항만 생태계 구축 앞장",선도적인 5G 기술력으로 5G B2B 생태계 확장에 앞장서고 있는 화웨이가 전 세계 스마트 항만 사업을 강화하며 영향력을 확대하고 있다. 화웨이는 업계 및...,원병철 기자,2022년 11월 04일 10:36
"국가기술표준원, 차세대 반도체·나노기술 등 첨단 기술 국제표준화 추진한다",산업통상자원부 국가기술표준원은 10월 31일부터 11월 4일까지 미국 샌프란시스코에서 개최된 ‘제86차 국제전기기술위원회(IEC) 총회’에서 차세대 반도체...,박미영 기자,2022년 11월 04일 09:58
"산업부, 자율운항선박 실증을 위한 성능실증센터 준공",산업통상자원부는 지난 3일 본격적인 자율운항선박 실증사업 추진을 위한 성능실증센터를 준공했다고 밝혔다. 동 센터는 자율운항에 필요한 항해·기관 자동화 시스...,박미영 기자,2022년 11월 04일 09:55
지능형교통체계 핵심 가치는 ‘안전’,국토부통부는 ITS 첨단 기술을 활용해서 교통안전을 획기적으로 강화할 수 있는 교통류 스마트제어서비스 사업을 새롭게 발굴해 시범 사업에 착수한다고 밝혔다.,박미영 기자,2022년 11월 04일 09:54
"소방청, 다중운집장소 소방안전 강화 대책 TF 가동","소방청은 지난 10월 29일 서울 이태원에서 발생한 다수 사상 재난과 관련해, 유사 사고 재발을 방지하기 위한 소방안전 강화 대책 TF를 11월 말까지 운...",박미영 기자,2022년 11월 04일 09:53
디지털 전환을 넘어 디지털 대도약 시대로 나아간다,"과학기술정보통신부는 ‘‘대한민국 디지털 전략’ 소통·공감, 디지털 산업 시리즈’ 두 번째 행사인 ‘2023 정보통신기술(ICT) 산업전망 학술대회(콘퍼런스...",박미영 기자,2022년 11월 04일 09:50
철도안전 원점 재검토... 철도안전 비상대책 회의 개최,국토교통부는 우리나라 주요 5개 국가 철도운영 및 시설관리기관 대표가 참석한 가운데 긴급 ‘철도안전 비상대책 회의’를 지난 3일 개최했다.,박미영 기자,2022년 11월 04일 09:48
"아스트론시큐리티, 중기부 추진 ‘아기유니콘’ 기업으로 선정",클라우드 보안 솔루션 전문 기업 아스트론시큐리티(대표 조근석)가 중소벤처기업부의 아기유니콘 기업으로 선정됐다.,김영명 기자,2022년 11월 04일 09:43
"앤씨앤, 자동차품질경영시스템(IATF 16949) 인증 획득",앤씨앤(대표 최종현)은 국제 자동차품질경영시스템 ‘IATF(International Automotive Task Force) 16949’ 인증을 획득했다고...,엄호식 기자,2022년 11월 04일 09:43
"경찰청, 사이버안보 해킹조직 연구회 세미나 개최",경찰청(국가수사본부 안보수사국)은 지난 3일 ‘사이버안보 해킹조직 연구회 세미나’를 개최했다. 이번 세미나는 국가안보를 위협하는 국가 배후 해킹조직에 대한...,박미영 기자,2022년 11월 04일 09:43
"여가부, 청소년시설 심폐소생술 교육 확대 추진","여성가족부는 청소년들의 응급상황 대응능력을 높이기 위해 청소년시설에서 심폐소생술 등 응급처치법 교육을 적극 실시하고, 청소년 시설 종사자들의 응급처치법 교...",박미영 기자,2022년 11월 04일 09:41
"SKT, ‘누구 비즈콜’로 서울 시민의 안부 챙긴다",SK텔레콤은 서울시 AI안부확인서비스 사업의 일환으로 각 구별로 원하는 회사의 AI콜 서비스를 선택하도록 하는 경쟁 참여 사업에서 전체 25개 지역구 중 ...,박미영 기자,2022년 11월 04일 09:40
"LG전자, 유망 스타트업과 함께 B2B 사업 성장동력 키운다",LG전자가 유망 스타트업과 함께 B2B 사업의 신성장동력 발굴과 육성에 나선다. LG전자는 지난 2일 한국무역협회(KITA)와 함께 B2B 사업에 특화된 ...,박미영 기자,2022년 11월 04일 09:38
"U+스마트레이더, 국립백두대간수목원 지킨다",LG유플러스는 한국수목원정원관리원 소속 경북 봉화군 국립백두대간수목원 시설 내에 U+스마트레이더 서비스를 개시했다고 밝혔다. U+스마트레이더는 자율주행 차...,박미영 기자,2022년 11월 04일 09:37
"중앙대 다빈치가상대학, 한국메타버스산업협회와 산학협력 MOU 체결","중앙대 다빈치가상대학이 한국메타버스산업협회와 실감미디어, 메타버스 분야 인재 육성과 저변 확대를 위한 산학협력 업무협약(MOU)을 지난 2일 체결했다.",박미영 기자,2022년 11월 04일 09:36
"IITP, 2022년도 ICT R&D 사업 우수 평가위원 포상",정보통신기획평가원(IITP)은 지난 2일 ICT R&D 사업 평가의 공정성 및 전문성 제고에 기여한 우수 평가위원을 선발해 포상식을 개최했다. ICT R&...,박미영 기자,2022년 11월 04일 09:32
의료 현장에서 비대면으로 검체 채취부터 진단까지 한번에 한다,과학기술정보통신부 산하 한국기계연구원(기계연)이 국내 최초로 코로나 등 감염병 확산 방지를 위해 의료 현장에서 비대면으로 검체 채취 로봇을 통해 검체를 채...,박미영 기자,2022년 11월 04일 09:30
"KISTI, 국가과학기술연구망 양자암호통신 구축 전략 제언",한국과학기술정보연구원(KISTI)은 양자암호통신 기술 및 구축 동향을 파악하고 분석해 포스트 퀀텀 시대의 안전한 통신을 위한 국가과학데이터 양자암호 인프라...,박미영 기자,2022년 11월 04일 09:28
"구미시·경북TP, ‘스마트공장 보급·확산 사업’ 업무협약 체결","구미시는 지난 3일 경북테크노파크와 기업 경쟁력 강화 및 지역 산업발전을 위한 ‘구미시 스마트공장 보급·확산 사업’의 업무협약을 체결하며, 구미국가산단 제...",박미영 기자,2022년 11월 04일 09:27
"산업단지, ‘산업단지 혁신 종합 대책’ 발표",산업통상자원부는 지난 3일 열린 국정현안관계장관회의에서 산업단지가 국가경제의 핵심 거점으로 다시 한 번 도약할 수 있도록 하는 ‘산업단지 혁신 종합 대책’...,박미영 기자,2022년 11월 04일 09:24
"통계청·유엔통계처, 공식통계 국제세미나 개최",통계청은 유엔통계처와 함께 ‘데이터 스튜어드십과 데이터 공유 보안’을 주제로 지난 2~3일 공식통계 국제세미나를 개최했다. ‘데이터 스튜어드십’은 국가 내...,박미영 기자,2022년 11월 04일 09:20
"중기부, 국가경제의 미래를 이끌 초격차 스타트업 1,000개 육성","중소벤처기업부는 독보적인 기술을 보유한 신산업 유망 초기창업기업(스타트업) 1,000개 이상을 발굴하고, 민관 공동으로 5년간 2조원 이상을 투입해 국가경...",박미영 기자,2022년 11월 04일 09:18
"포천시, 전국 최초 CCTV AI 이벤트 관제사업 시연회 실시",포천시는 지난 2일 포천시CCTV스마트안심센터에서 전국 최초로 CCTV AI 이벤트 관제사업 시연회를 실시했다. 올해 총 5억원의 특별교부세를 확보해 기존...,박미영 기자,2022년 11월 04일 09:15
"대전시, 디지털 물산업 실증랩 개소... AI 기반 상수도 혁신",대전시와 대전정보문화산업진흥원은 오는 18일 대전정보문화산업진흥원에 ‘디지털 물산업 인공지능 실증랩’을 개소한다고 밝혔다. 실증랩은 수요기업에서 보유한 데...,박미영 기자,2022년 11월 04일 09:12
"경기도, 열화상 드론 15대 시군에 배치해 야간 산불 대응",경기도는 11월 1일부터 12월 15일까지를 ‘2022년 가을철 산불방지대책 기간’으로 정하고 산불 방지 총력 대응에 나서기로 했다. 특히 도는 야간 산불...,박미영 기자,2022년 11월 04일 09:10
"경기도, 소방 긴급차량·교육환경보호구역 데이터 분석 통해 도정에 활용",경기도가 소방 긴급차량 출동 데이터를 분석해 긴급차량 우선 신호시스템을 먼저 설치해야 할 지역을 찾아냈다. 또 교육환경보호구역 내 대기오염물질 배출시설 등...,박미영 기자,2022년 11월 04일 09:09
"KOTRA, 2022 대한민국 디지털 이노베이션 어워즈 수상",KOTRA는 지난 3일 열린 과학기술정보통신부가 주최한 ‘2022 대한민국 디지털 이노베이션 어워즈(Digital Innovation Awards)’에서 ...,박미영 기자,2022년 11월 04일 09:08
"행안부, 다중 밀집 인파사고 예방 안전관리 대책 관계장관회의 개최","행정안전부는 지난 3일 문체부장관, 경찰청장, 소방청차장, 교육부 기획조정실장 등이 참석한 가운데 다중밀집 안전 예방 관계장관회의를 개최하고 다중 밀집 인...",박미영 기자,2022년 11월 04일 09:05
"렘코스랫 악성코드, ‘Payment Error’ 스팸 메일로 위장해 유포 확산","최근 ‘Payment Error’라는 제목으로 스팸메일이 발송됐으며, 메일 본문에는 은행 계좌번호와 금액 등 금융관련 정보가 기재돼 있는 것이 확인돼 사용...",김영명 기자,2022년 11월 04일 07:25
"경찰청, 3일 ‘사이버안보 해킹조직 연구회 세미나’ 개최",경찰청은 3일 서울경찰청 어울림홀에서 ‘사이버안보 해킹조직 연구회 세미나(이하 ’세미나’)’를 개최했다.,김영명 기자,2022년 11월 04일 07:21
"모니터랩, ISO 국제표준인증 3개 부문 동시 획득",클라우드 기반 SECaaS 전문기업 모니터랩(대표 이광후)이 국제표준화기구(ISO)의 △클라우드 정보보호 국제 표준 인증 ISO 27017 △ISO 270...,김영명 기자,2022년 11월 03일 17:44
 Weekly Security Premium Report 제74호 발간! 기업 위기관리와 사이버 보험 ,11월 3일 발간된 ‘Weekly Security Premium Report’ 제74호에는 <보안 심층 리포트> 코너에서 코로나 팬데믹에 이어 ...,권준  기자,2022년 11월 03일 17:39
"보안 전문가 비탈리 크레메즈, 스쿠버 다이빙 하다가 유명 달리해","본지에도 여러 번 인용된 보안 전문가이자, 보안 업체 어드브인텔(AdvIntel)의 CEO인 비탈리 크레메즈(Vitali Kremez)가 10월 30, 싸...",문가용 기자,2022년 11월 03일 17:29
"에이블스토어 & 에이블클라우드, Cloud Innovation 2023 개최",에이블클라우드(Ablecloud) 국산 HCI 시스템과 에코 솔루션을 소개하는 Cloud Innovation 2023이 11월 3일 구로동에 위치한 포포인...,엄호식 기자,2022년 11월 03일 16:58
"일론 머스크의 것이 된 트위터, 푸른 배지 논란은 해커들의 먹잇감이 되고",트위터의 수장이 된 일론 머스크(Elon Musk)가 여러 가지 변화를 꾀하고 있다. 그 중 하나가 보안 업계의 질타를 받기 시작했다. 트위터가 사용자 계...,문가용 기자,2022년 11월 03일 16:52
"기업 CIO/CISO, 2023년에는 부족해진 살림을 더 쥐어짜야 한다","2023년에도 CIO/CISO들의 고난은 이어질 것으로 예상된다. 기업들은 이전보다 더 자신들의 제품과 서비스를 시장에 내놓고 싶어하는데, 인플레이션 때문...",문가용 기자,2022년 11월 03일 15:17
"OpenSSL 이메일 주소 버퍼 오버플로 취약점 2건 발견, 사용자 주의",오픈SSL(OpenSSL)에서 특수하게 제작된 이메일 주소를 통해 X.509 인증서 확인 과정 중 트리거될 수 있는 버퍼 오버런(buffer overrun...,김영명 기자,2022년 11월 03일 15:06
[카드뉴스] 해커가 사랑하는 마법의 문 ‘백도어’,"백도어(Back Door)란 시스템 설계자나 관리자에 의해 고의로 남겨진 시스템의 보안상 허점을 이용한 것으로, 시스템에 비안가된 접근을 가능하게 하는 일...",원병철 기자,2022년 11월 03일 14:58
"국기연, AI 과학기술 강군 위한 유·무인 협업 체계 국내 기술력 평가","국방기술진흥연구소(국기연)는 ‘AI 과학기술 강군’ 육성의 핵심 전력 중 하나인 유·무인 협업 체계 구축을 위한 국내 기술력을 평가해, ‘유·무인 협업 (...",박미영 기자,2022년 11월 03일 14:56
100만 번 이상 다운로드 된 안드로이드 앱에서 악성 기능 발견돼,보안 외신 해커뉴스에 의하면 네 개의 안드로이드 앱에서 사용자를 악성 웹사이트로 우회 접속시키는 기능이 발견됐다고 한다. Bluetooth App Send...,문가용 기자,2022년 11월 03일 12:44
VPN 앱들을 통해 안드로이드 감염시키는 샌드스트라이크 멀웨어,보안 외신 핵리드는 구글 플레이 스토어에서 유통되는 VPN 앱들 중 38%가 멀웨어라는 충격적인 사실을 보도했다. 최근에는 VPN 앱들로 위장한 스파이웨어...,문가용 기자,2022년 11월 03일 12:43
"수백 개의 미국 뉴스 사이트, 공급망 공격에 당해",사이버 공격자들이 미국의 뉴스 매체를 통해 멀웨어를 퍼트리고 있다고 IT 외신 블리핑컴퓨터가 보도했다. 이 기업과 관련된 뉴스 웹사이트는 수백 개가 넘는다...,문가용 기자,2022년 11월 03일 12:42
"정부 기관 근무자들을 겨냥한 피싱 공격, 급하게 증가 중",보안 외신 SC미디어에 의하면 정부 기관에 근무하는 사람들을 겨냥한 피싱 공격이 급증하는 중이라고 한다. 미국 내에서 2021년 한 해 동안 발생한 피싱 ...,문가용 기자,2022년 11월 03일 12:40
"슈프리마, 4만명 규모의 카타르 주상 복합형 레지던스 출입통제 프로젝트 수주 달성","AI 통합보안 솔루션 전문기업 슈프리마(대표 이재원, 김한철)가 2022 월드컵 개최국인 카타르에 위치한 펄 카타르(The Pearl-Qatar) 인공섬의...",엄호식 기자,2022년 11월 03일 11:04
"국토부, 항공안전체계 전면 쇄신한다",국토교통부는 지난 2일 11개 국적 항공사 CEO가 참석한 ‘항공안전 비상대책 회의’를 긴급 개최했다. 이번 점검회의는 최근 국내외에서 발생한 활주로 이탈...,박미영 기자,2022년 11월 03일 10:42
"파수, 새해 이끌 새로운 키워드 ‘클라우드·인공지능·사이버보안·메타버스·워크플레이스’",파수(대표 조규곤)가 3일 서울 여의도 콘래드 호텔에서 ‘FDI 서밋 2022(Fasoo Digital Intelligence Summit 2022)’를 ...,김영명 기자,2022년 11월 03일 10:40
"ETRI, 24개 언어 이해하는 음성인식 기술 개발","국내 연구진이 한국어와 영어, 중국어, 일본어뿐만 아니라 독일어, 프랑스어, 스페인어, 러시아어 등 세계 주요 24개 언어를 인식할 수 있는 음성인식 기술...",엄호식 기자,2022년 11월 03일 10:37
"행안부, ‘주민등록증 신규 발급’ 정부24에서 신청하세요",행정안전부는 11월부터 단계적으로 생활밀착형 온라인 서비스 40개를 내년 상반기까지 추가해 정부24(www.gov.kr)에서 서비스한다고 밝혔다.,박미영 기자,2022년 11월 03일 09:48
"산업부, ‘2022 에너지 혁신 인재 포럼’ 개최",산업통상자원부와 한국에너지기술평가원은 지난 2일 ‘2022 대한민국 에너지대전’과 연계해 ‘2022 에너지 혁신 인재 포럼’을 개최했다. 이번 포럼에서는 ...,박미영 기자,2022년 11월 03일 09:44
"산업부, 대학·연구소 대상 통제기술 설명회 개최","산업통상자원부는 지난 2일 국가정보원과 함께 서울대, 한국과학기술원, 한국원자력연구원, 한국항공우주연구원 등 13개 대학 및 연구소가 참석한 가운데 통제기...",박미영 기자,2022년 11월 03일 09:37
"안랩, 임직원 대상 ‘불공정거래행위 유형별 유의사항’ 교육 진행",안랩(대표 강석균)이 2일 주현영 법무법인 세종 파트너 변호사를 초청해 ‘불공정거래행위 유형별 유의사항’을 주제로 공정거래 교육을 실시했다.,김영명 기자,2022년 11월 03일 09:34
시험운전자 교육으로 안전한 자율주행 돕는다,국토교통부는 자율주행차 시험 운행에 따른 안전사고 예방을 위해 3일 자율주행차 시험운전자(안전관리요원)를 대상으로 ‘자율주행 교통안전 교육 과정’을 처음으...,박미영 기자,2022년 11월 03일 09:23
"미래 전장의 핵심 최첨단 국방로봇, 무인수색차량 본격적인 연구개발 착수","방위사업청은 2022년 11월부터 2026년 9월까지 약 1,284억원 규모의 무인수색차량(Block-I) 체계개발사업을 국과연 주관으로 착수한다고 밝혔다...",박미영 기자,2022년 11월 03일 09:18
"소부장·뿌리산업, 산업대전환의 시작을 선도한다",산업통상자원부는 지난 2일부터 4일까지 일산 킨텍스에서 ‘2022 소부장뿌리 기술대전’을 개최한다. ‘소부장뿌리 기술대전’은 2011년 ‘소재부품 미래비전...,박미영 기자,2022년 11월 03일 09:15
"부산시, GS25 영남본부와 ‘응급처치 교육 확대’ 업무협약 체결",부산시는 지난 2일 GS25 편의점 운영사인 GS25 영남본부와 심폐소생술 등 응급처치 교육 확대를 위한 업무협약을 체결했다. 이번 업무협약은 이러한 시의...,박미영 기자,2022년 11월 03일 09:13
"자율운항선박 기술, 본격적인 실증에 착수한다",해양수산부는 3일 ‘자율운항선박 성능실증센터’를 준공·개소하고 본격적인 자율운항선박 기술 실증에 들어간다고 밝혔다. 해양수산부는 산업통상자원부와 함께 인공...,박미영 기자,2022년 11월 03일 09:10
"KB증권, 금융 ‘마이데이터 서비스’ 최초 개인정보보호 ISMS-P 인증 획득",KB증권은 금융 마이데이터 서비스 부문 최초로 ‘정보보호 및 개인정보보호 관리체계(ISMS-P)’ 인증을 획득했다고 밝혔다. KB증권은 지난해 획득한 IS...,박미영 기자,2022년 11월 03일 09:08
"부산, 데이터 기반 스마트양식 기술 선점화 전략 찾는다",부산시는 지난 2일 ‘제17회 부산수산정책포럼’이 개최했다. 이번 포럼에서는 ‘데이터 기반 부산 스마트양식 기술 선점화 대응 방안 및 발전전략 모색’을 주...,박미영 기자,2022년 11월 03일 09:05
"제주도, 민간 클라우드 전환 사업 본격 추진한다",제주도는 행정안전부의 ‘2022년 클라우드 컴퓨팅서비스 활용모델 적용을 위한 지자체 시범 사업’에 1순위로 선정돼 특별교부세 12억원을 추가 확보했다. 이...,박미영 기자,2022년 11월 03일 09:03
"수산자원공단, 드론 활용 돌김 바다숲 3㏊ 조성",한국수산자원공단 남해본부는 올해 경남 연안 신규 바다숲 3개소에 첨단 기술인 드론을 활용해 돌김 포자 3종을 살포했다. 드론을 활용한 바다숲 조성 기술은 ...,박미영 기자,2022년 11월 03일 09:01
"제주도, 해안도로 관광셔틀 자율주행 모빌리티 서비스 시승식 개최",제주도는 지난 2일 공항 인근 해안도로에서 민간 주도 자율주행 모빌리티 서비스인 ‘탐라자율차’ 시승식을 개최했다. ‘탐라자율차’ 서비스는 제주공항 인근 해...,박미영 기자,2022년 11월 03일 08:59
"관악구, AI안부전화로 스마트돌봄시스템 강화한다",관악구는 돌봄사각지대에 놓인 사회적 고립 위험 가구의 고독사를 예방하고 대상자를 적극적으로 관리하기 위한 ‘AI안부확인서비스’를 11월부터 본격 운영한다.,박미영 기자,2022년 11월 03일 08:57
"과기정통부, 제8회 ‘국제 정보통신기술 리더십 토론회’ 개최",과학기술정보통신부는 지난 2일 ‘제8회 국제 정보통신기술 리더십 토론회(포럼)’을 개최했다. 과기정통부가 주최하고 한국지능정보사회원(NIA)에서 주관하는 ...,박미영 기자,2022년 11월 03일 08:54
"LockBit 랜섬웨어 유포 조직, 워드 파일 형태로 아마디 봇 추가 유포중",최근 이력서를 위장한 워드파일 형태로 록빗(LockBit) 랜섬웨어를 유포하던 조직이 LockBit 랜섬웨어와 함께 아마디 봇(Amadey Bot)을 추가...,김영명 기자,2022년 11월 02일 18:10
"예고됐던 오픈SSL 취약점, 다행히 하트블리드까지는 아니야",지난 주부터 예고됐던 오픈SSL(OpenSSL) 취약점에 대한 정보와 패치가 드디어 공개됐다. 다행히 위험도 측면에서 문제의 취약점은 초고위험군에서 고위험...,문가용 기자,2022년 11월 02일 17:40
"KISIA, ‘2022년 K-시큐리티 글로벌 데모데이’ 개최","한국정보보호산업협회(회장 이동범, 이하 ‘KISIA’)는 과학기술정보통신부, 한국인터넷진흥원(KISA)과 함께‘ K-시큐리티 글로벌 데모데이’를 개최했다고...",김영명 기자,2022년 11월 02일 16:29
"포티넷, 단일 벤더 SASE 솔루션으로 클라우드 제공 기능 강화",네트워킹 및 보안 기술의 융합과 사이버보안의 진화를 주도하는 포티넷코리아(대표 조원균)는 단일-벤더 통합 SASE 솔루션인 ‘FortiSASE’의 클라우드...,김영명 기자,2022년 11월 02일 15:22
"삼성-애플-구글 간 ‘OO페이’ 大戰, 보안성이 차별화 포인트 될까 ","바야흐로 ‘간편결제의 시대’, ‘페이앱의 시대’라고 불릴 만하다. 스마트폰만 손에 쥐고 있으면 모든 게 끝난다. 이제는 ‘OO페이의 시대’다. 최근 애플이...",김영명 기자,2022년 11월 02일 14:20
"과기정통부, ‘2022 정보통신기술 연구개발 주간’ 개최",과학기술정보통신부와 정보통신기획평가원은 ‘2022 정보통신기술 연구개발(ICT R&D) 주간’ 행사를 지난 1일부터 4일까지 엘타워(서울)에서 개최한다.,박미영 기자,2022년 11월 02일 13:51
"[구축사례] 모토로라 LTE 무전통신 솔루션, 시설 안전관리 현장에 속속 도입","사건·사고는 언제 어떻게 찾아올지 모르지만, 평상시 어떤 대비를 하느냐에 따라 그 결과는 완전히 달라질 수 있다. 최근 각종 재난 및 안전사고에 대한 사회...",엄호식 기자,2022년 11월 02일 13:45
"과기정통부, 차세대 연결망 분야 국제 지도력 확보한다",과학기술정보통신부는 지난 1일부터 4일까지 4일간 삼정호텔(서울 강남구)에서 5세대와 6세대 이동통신 분야의 국제 기술·산업 동향을 공유하는 ‘모바일코리아...,박미영 기자,2022년 11월 02일 13:41
"특허청, 2022년 우수 지식재산 창업기업 15사 선정·발표","특허청은 지난 1일 한국발명진흥회, 신용보증기금, 은행권청년창업재단과 함께 투자유치행사 및 ‘2022년 우수 지식재산 창업기업’ 15개사를 선정·발표했다.",박미영 기자,2022년 11월 02일 13:40
잠깐만 끊겨도 기업 리스크 극대화... 실시간 장애 예측 중요,"2022년 10월 IDC 화재로 A기업 대량 서비스 장애, 2021년 12월 트래픽 통신 장애로 B기업 이틀 연속 결제 오류, 2021년 12월 트래픽 관...",김경애 기자,2022년 11월 02일 13:39
"인공지능 기반 소프트웨어, 좀 더 쉽게 개발하세요","과학기술정보통신부와 한국전자통신연구원은 지난 1일 ‘인공지능 기술의 대중화를 위한 탱고 커뮤니티 1회 학술회의’를 개최하고, 산업 현장에서 인공지능에 관한...",박미영 기자,2022년 11월 02일 13:37
"기다리고 기다리던 오픈SSL의 취약점, 초고위험군에서 고위험군으로 격하",지난 주부터 예고됐던 오픈SSL의 초고위험도 취약점이 오늘 고위험군으로 격하됐다고 보안 외신 시큐리티위크가 보도했다. 예고됐던 3.0.7 버전의 업데이트는...,문가용 기자,2022년 11월 02일 13:35
"유출된 아마존 프라임 비디오 서버, 사용자의 관람 패턴 노출시켜",보안 외신 핵리드에 의하면 아마존 프라임 비디오의 서버 하나가 인터넷에 고스란히 노출되어 있었다고 한다. 여기에는 프라임 비디오 구독자 일부의 영상 선택 ...,문가용 기자,2022년 11월 02일 13:33
"드롭박스, 깃허브 리포지터리 130여 개 도난 당해",IT 외신 블리핑컴퓨터는 최근 드롭박스에서 정보 침해 사건이 발생했다고 보도했다. 이 사건으로 드롭박스 측은 130개가 넘는 깃허브 리포지터리를 도난당했다...,문가용 기자,2022년 11월 02일 13:31
"행안부, 침수위험 예상 지역 직접 찾아나선다",행정안전부는 집중호우 등으로 인한 침수 피해를 예방하기 위해 2일부터 12월까지 침수위험지구 지정 확대를 위한 민·관 합동 일제조사를 실시한다고 밝혔다.,박미영 기자,2022년 11월 02일 13:30
MS의 애저 코스모스 DB에 영향주는 초고위험도 취약점 발견돼,보안 외신 해커뉴스에 의하면 오픈소스 개발자 환경 중 하나인 주피터 노트북스(Jupyter Notebooks)에서 인증 우회 취약점이 발견됐다고 한다. 이...,문가용 기자,2022년 11월 02일 13:29
"록빗 3.0 그룹, 탈레스로부터 데이터 훔쳤다고 주장",프랑스의 대형 국방 업체인 탈레스(Thales)가 랜섬웨어 공격에 당한 것 같다고 보안 블로그 시큐리티어페어즈가 밝혔다. 이러한 주장은 록빗 3.0(Loc...,문가용 기자,2022년 11월 02일 13:28
"행안부, 2022 재난안전 논문공모전 우수작 5편 선정","행정안전부는 ‘2022 재난안전 분야 국민 참여 논문공모전’에 우수작 총 5편을 선정하고, 2일 행정안전부 장관상을 수여했다. 올해 7회째를 맞은 이번 공...",박미영 기자,2022년 11월 02일 13:27
"편리한 개인형 이동장치, 안전이 먼저입니다","행정안전부는 최근 전동킥보드 등 개인형 이동장치(Personal Mobility, PM)로 인한 안전사고가 급격히 증가함에 따라 ‘개인형 이동장치(PM) ...",박미영 기자,2022년 11월 02일 13:25
"국토부, 한-에티오피아·탄자니아 공간정보 분야 MOU 체결","국토교통부는 지난 1일 에티오피아 도시인 프라부, 탄자니아 토지주택개발부와 토지행정 전산화, 국가기본도 구축 등 협력체계를 구축했다. 이날 원 장관은 에티...",박미영 기자,2022년 11월 02일 13:20
"국토부, 항공보안역량 한층 높인다",국토교통부는 국내 15개 공항과 12개 항공사에서 항공보안을 책임지고 있는 종사자 등이 참여하는 ‘2022 항공보안 경진대회’를 2일 개최했다.,박미영 기자,2022년 11월 02일 13:17
"특허청, 반도체 기술 특허출원 우선심사 지정 시행",특허청은 국내에서 연구개발하거나 생산하는 반도체 기술 분야 특허출원을 지난 1일부터 1년간 우선심사 대상으로 지정한다고 밝혔다. 이번 조치를 통해 국내의 ...,박미영 기자,2022년 11월 02일 13:14
"해수부, 아·태지역 국가들과 해양디지털화를 논하다","해양수산부는 국제해사기구(IMO), 국제항로표지협회(IALA) 그리고 필리핀·인도네시아 등 아시아·태평양지역 국가들과 함께 ‘해양디지털 역량 강화 국제연수...",박미영 기자,2022년 11월 02일 13:12
"NIA, 정부 국정과제 ‘디지털플랫폼정부’ 조기 구현 위한 조직 혁신 단행",한국지능정보사회진흥원(NIA)은 지난 1일 원장 취임 후 첫 조직혁신을 단행했다. 금번 조직 혁신은 윤석열 정부의 핵심 공약이자 디지털 분야 대표 국정과제...,박미영 기자,2022년 11월 02일 13:06
"LG유플러스, 농어촌 5G 공동망 품질 향상시킨다",LG유플러스는 지난 1일부터 자사가 구축한 농어촌 5G 공동망 지역에 100㎒ 서비스를 개시했다고 밝혔다. LG유플러스는 지난 7월 과학기술정보통신부로부터...,박미영 기자,2022년 11월 02일 13:02
"LG CNS, ‘코딩 실력’만으로 신입사원 선발한다",DX 전문기업 LG CNS가 스펙과 관계없이 코딩 실력만으로 신입사원 채용에 나선다. 이를 위해 프로그래밍 경진 대회 ‘코드 몬스터(CODE MONSTER...,박미영 기자,2022년 11월 02일 11:48
"KAIST, ‘2022 스페이스 로보틱스 국제워크숍’ 개최",KAIST 항공우주공학과와 전자·전기공학부가 오는 9일 기계공학동 공동강의실(N7 #1501)에서 ‘2022 스페이스 로보틱스 국제워크숍’을 개최한다.,박미영 기자,2022년 11월 02일 11:43
"대구시 234억원 ABB 성장펀드 조성, 지역 ABB산업 중점 육성한다","대구시는 지난 1일 주요 출자자인 대구은행, 경북대기술지주, 아이디어브릿지파트너스(펀드 운용사), 대구디지털혁신진흥원과 함께 대구 미래 산업의 주요 분야 ...",박미영 기자,2022년 11월 02일 11:40
"KAIST, 정보검색 분야 최우수 학술대회 ‘ACM CIKM 2022’ 튜토리얼 강연",KAIST는 김재철AI대학원 신기정 교수가 이끄는 연구팀이 지난 10월 17일부터 21일까지 미국 애틀랜타에서 진행된 미 컴퓨터협회 정보 및 지식 관리 학...,박미영 기자,2022년 11월 02일 11:40
"철도연, 무가선 트램 자율주행 기술개발",한국철도기술연구원은 트램 주행 중 발생하는 사고와 피해를 예방하는 ‘무가선 트램 자율주행기술’을 개발했다. 교통신호 제어기와 연계한 교차로 신호 준수를 비...,박미영 기자,2022년 11월 02일 11:13
"정보통신산업진흥원, 싱가포르 핀테크 페스티벌에서 K-솔루션 선보여",정보통신산업진흥원 싱가포르 IT지원센터는 2일부터 4일까지 싱가포르 핀테크 페스티벌에서 국내 핀테크 기업의 아세안 진출을 지원하는 ‘2022년 K-솔루션 ...,박미영 기자,2022년 11월 02일 11:12
"광명도시공사, 4년 연속 홈페이지 개인정보보호 인증 획득",광명도시공사는 공사 홈페이지에 대한 개인정보보호 적합성을 인정받아 ‘개인정보보호 우수 사이트 인증(ePRIVACY)’ 마크를 4년 연속 획득했다고 밝혔다.,박미영 기자,2022년 11월 02일 11:10
"서울시 초실감형 3차원 지도 서비스, 스마트국토엑스포에서 첫선",서울시는 가보지 않아도 현장을 생생하게 느낄 수 있는 초실감형 디지털 3차원 지도 서비스를 2일 스마트국토엑스포에서 시범 공개했다. 서울시는 초실감형 디지...,박미영 기자,2022년 11월 02일 11:05
"메타버스 서울 공간, 시민이 만들고 꾸민다",서울시와 서울디지털재단은 2일부터 30일까지 ‘메타버스 서울 시민 3D 오브젝트 제작 공모전’을 공동 개최한다고 밝혔다. 이번 공모전은 서울시가 11월 말...,박미영 기자,2022년 11월 02일 11:05
"안양시, 자율주행 시범 사업 착수... 2024년 셔틀버스 시범 운행 목표",안양시가 안양형 뉴딜 사업의 일환으로 추진 중인 자율주행 시범 사업에 착수했다. 안양시는 지난달 31일 안양시청 스마트도시통합센터에서 ‘자율주행 시범 사업...,박미영 기자,2022년 11월 02일 11:01
"안양시, ‘디지털 대전환’ 시대 미래 먹거리 탐색",안양시는 디지털 대전환 시대를 준비하는 기반 조성 및 한계 극복을 위해 지난 4월부터 6개월간 관내 기업 데이터 정비 및 특화산업 수요조사를 진행했다.,박미영 기자,2022년 11월 02일 10:59
"태니엄, 보안 및 운영 메트릭 추적과 개선 지원 ‘태니엄 벤치마크’ 출시",통합 엔드포인트 관리(XEM) 제공기업인 태니엄(Tanium)이 태니엄 벤치마크(Tanium Benchmark) 출시를 발표했다. 태니엄 벤치마크는 연결된...,김영명 기자,2022년 11월 02일 10:57
"안랩, 지능형 위협 대응 솔루션 ‘안랩 MDS’ 금융권 고객사 확대",안랩(대표 강석균)은 자사의 지능형 위협 대응 솔루션 ‘안랩 MDS’가 올해 주요 중대형 은행과 보험·증권사 등 금융권의 지능협 위협 대응 시스템 구축 사...,김영명 기자,2022년 11월 02일 10:50
"효성인포메이션시스템, IT 운영 민첩성 확대 위한 재해복구 프로세스 적극 지원",데이터 인프라 및 솔루션 전문기업 효성인포메이션시스템(대표이사 양정규)이 다양하고 민첩해지는 IT 환경에 맞춰 비즈니스 연속성 확보를 위한 재해복구(DR ...,엄호식 기자,2022년 11월 02일 10:48
"[보류] 산업부, 민·관 합동 ‘이차전지 산업 혁신전략’ 발표",지난 1일 이창양 산업통상자원부 장관은 이차전지 업계 대표 및 산업계 관계자 등이 참석한 가운데 ‘제3차 산업전략 원탁회의’를 개최했다.,박미영 기자,2022년 11월 01일 23:51
지스케일러 보안 서비스 마비 사건을 통해 드러난 ‘공동의 책임론’,"클라우드 기반 구독형 사이버 보안 솔루션이, 클라우드 오류나 정전으로 작동을 하지 않으면 어떻게 될까? 상황에 따라 매우 심각한 상황으로 이어질 수 있다....",문가용 기자,2022년 11월 01일 19:33
"개인정보위, 이태원 참사 관련 개인정보 침해 집중 모니터링 실시","개인정보보호위원회(위원장 고학수, 이하 개인정보위)와 한국인터넷진흥원(원장 이원태, 이하 KISA)은 지난달 29일 이태원 참사와 관련해 11월 한 달간 ...",김영명 기자,2022년 11월 01일 18:16
이태원 참사 이슈 악용한 사이버 공격 가능성 대비해야 ,지난주 토요일 밤 서울 용산 이태원에서 발생한 핼러윈 데이 압사 참사와 관련해 이를 악용한 해킹메일 및 피싱·스미싱 등 사이버 공격에 대비해 사용자들의 각...,김영명 기자,2022년 11월 01일 18:10
"개인정보위, ‘마이데이터 국제 콘퍼런스’ 온·오프라인 동시 개최","전 분야 마이데이터 도입의 주관부처인 개인정보보호위원회(위원장 고학수, 이하 ‘개인정보위’)는 오늘 오후 서울 중구 포스트타워에서 ‘마이데이터 국제 콘퍼런...",김영명 기자,2022년 11월 01일 17:46
"스누아이랩, 차세대 비전 AI 솔루션 출시",비전 AI 딥러닝 자동화 플랫폼 전문기업 스누아이랩이 차세대 비전 AI 솔루션을 개발·출시했다고 밝혔다. 스누아이랩의 AutoCare 제품은 실시간 영상에...,엄호식 기자,2022년 11월 01일 17:42
수많은 MSP에서 사용되는 커넥트와이즈 제품에서 초고위험도 취약점 발견돼,커넥트와이즈(ConnectWise)가 초고위험도를 가진 원격 코드 실행 취약점을 패치했다. 문제의 취약점을 익스플로잇 하는 데 성공할 경우 공격자는 커넥트...,문가용 기자,2022년 11월 01일 17:37
"티피링크, 활발한 스마트홈 생태계 구축 위해 ‘매터(Matter)’와 연동",전 세계 Wi-Fi 제품 시장 점유율 1위 글로벌 기업 티피링크(TP-Link)가 IoT 장치 간 원활한 통신을 위한 연결 표준인 매터(Matter)를 지...,엄호식 기자,2022년 11월 01일 16:53
[bnTV] 요즘 가장 악명이 높은 랜섬웨어 해커조직 4곳은? ,"올해의 화두는 아무래도 ‘Zero Trust’죠. 믿고 있었던 모든 것들에 대한 신뢰를 일단 원점으로 돌리고, “원점에서 재평가하자”는 것이고요. 외주업체...",권준  기자,2022년 11월 01일 15:55
"184조원 규모 공공조달시장, 보안기업들은 어떤 활약 펼쳤나",공공조달통계시스템인 ‘온통조달’에 따르면 공공조달시장 규모는 2018년 약 141조원에서 2021년 184조원으로 30.4% 증가했으며 조달업체수는 201...,엄호식 기자,2022년 11월 01일 14:46
"제네텍, 전 세계 물리보안 전문가 최고 관심사 조사 결과 발표","융합 보안, 공공안전, 운영, 비즈니스 인텔리전스 솔루션 전문 기업 제네텍(Genetec Inc.)이 진행한 최근 설문에 따르면, 사이버 보안이 물리보안 ...",엄호식 기자,2022년 11월 01일 14:45
"2022년 11월 물리·정보 보안업계,어떤 인재 찾고 있나",어느새 2022년의 달력도 두 장만 남았다. 오랜 기간 지속된 코로나19로 온전한 일상으로 회복되진 못했지만 보안기업들은 보다 나은 내일을 기대하며 한 해...,엄호식 기자,2022년 11월 01일 14:02
"세계적인 구리 제련 회사 아우루비스, 사이버 공격으로 휘청",구리 제련 분야에 있어서는 유럽 최대 규모를 자랑하는 아우루비스(Aurubis) 사가 사이버 공격에 당해 IT 시스템이 마비됐다고 보안 외신 핵리드가 보도...,문가용 기자,2022년 11월 01일 13:31
"포드차 디도스 봇넷, 새로운 기능 탑재하여 부활",보안 외신 해커뉴스에 의하면 포드차(Fodcha)라는 디도스 공격용 봇넷이 부활했다고 한다. 이번에는 새로운 기능을 추가한 모습이다. 통신 프로토콜이 강화...,문가용 기자,2022년 11월 01일 13:30
"두산디지털이노베이션, ASOCIO 사이버 보안 어워드 수상","두산디지털이노베이션(대표 박석원, 이하 DDI)이 지난 28일 싱가포르에서 열린 ‘ASOCIO 디지털 서밋’에서 ASOCIO 사이버 보안 어워드(ASOCI...",원병철 기자,2022년 11월 01일 13:29
576개 기업으로 침투하는 경로 알려주고 400만 달러 챙기는 해커들,"다크웹에서 해커들이 576개 기업들로 들어가게 해 주겠다고 약속하며, 그 대가로 400만 달러를 받고 있다고 IT 외신 블리핑컴퓨터가 보도했다. 한 해커나...",문가용 기자,2022년 11월 01일 13:28
"VM웨어, CVE-2021-39144 취약점의 익스플로잇 코드 공개됐다고 경고",VM웨어가 자사 솔루션인 NSX Data Center for vSphere(NSX-V)에서 발견된 취약점인 CVE-2021-39144의 익스플로잇 코드가 ...,문가용 기자,2022년 11월 01일 13:27
"미국 백악관, 랜섬웨어 서밋 개최하여 여러 국가 초대",미국 백악관이 이번 주 초 이틀 동안 랜섬웨어 서밋을 개최한다고 보안 외신 뉴스위크가 보도했다. 여기에 유럽연합과 일부 민간 기업들을 포함해 여러 국가 기...,문가용 기자,2022년 11월 01일 13:25
"과기정통부, 소방청 합동 90개 데이터센터 대상 실태점검 실시","과학기술정보통신부(장관 이종호, 이하 ‘과기정통부’)와 소방청(소방청장 직무대행 남화영)은 관계부처 합동으로 11월 1일부터 24일까지(18일간) 민간에서...",원병철 기자,2022년 11월 01일 13:18
‘글로벌 CBPR 포럼 워크숍’ 서울 개최,"개인정보보호위원회(위원장 고학수, 이하 ‘개인정보위’)와 외교부는 미국 상무부(Department of Commerce)와 공동으로 11월 2일(수)부터 ...",원병철 기자,2022년 11월 01일 13:13
산불 진화 임도 등을 확충해 초대형 산불 막는다,산림청은 가을철 산불조심기간(11.1~12.15)이 다가오는 시점에서 올해 봄철 산불에 대한 평가를 토대로 점차 연중화·대형화되고 있는 산불에 대해 철저한...,박미영 기자,2022년 11월 01일 11:15
디지털 태생을 위한 소프트웨어·인공지능 교육에 모두 참여하세요,"과학기술정보통신부와 교육부, 한국과학창의재단은 ‘2022 소프트웨어 교육 축제(페스티벌)’를 1일부터 7일까지 1주간 개최한다고 밝혔다.",박미영 기자,2022년 11월 01일 11:00
디지털·STI·개발협력: 미래 협력 방안을 논하다,국립외교원 외교안보연구소(IFANS)와 과학기술정책연구원(STEPI)는 오는 4일 서울 코엑스 남측 컨퍼런스룸 301호에서 ‘디지털·STI·개발협력: 미래...,박미영 기자,2022년 11월 01일 10:58
"중기부, 아기유니콘200 육성 사업 지원 대상 추가 선정","중소벤처기업부는 지속적으로 거대신생기업(유니콘 기업)이 탄생하는 토대를 만들고, 유망 초기창업기업(스타트업)이 기업가치 1,000억원 이상 예비거대신생기업...",박미영 기자,2022년 11월 01일 10:38
"KISA, 아·태 침해사고대응팀협의회 ‘APCERT’ 운영위원 재선","한국인터넷진흥원(KISA, 원장 이원태)은 아·태 침해사고대응팀협의회(APCERT, Asia-Pacific Computer Emergency Respons...",원병철 기자,2022년 11월 01일 10:25
기업경영에 필요한 지식재산 활용 전략을 알려드려요,특허청은 세계지식재산기구(WIPO)와 공동으로 개최하는 국제 지식재산 전문가 인증 과정(AICC)을 1일부터 4일까지 운영한다고 밝혔다. 올해로 13회째 ...,박미영 기자,2022년 11월 01일 10:10
유키 공 유니뷰코리아 지사장 “소비자와 파트너의 요구에 최적화된 솔루션 제공”,2018년 지사를 설립하며 국내 시장에 본격적으로 진출한 유니뷰코리아가 새로운 공간에 보금자리를 마련했다는 소식이 들렸다. 업무공간의 확대뿐만 아니라 쇼룸...,엄호식 기자,2022년 11월 01일 10:10
비상사태에도 해운·항만은 이상없이 돌아간다,"해양수산부는 전쟁, 해운업체 파산 등 국가 비상사태 발생에 대비해 만들어진 제도인 국가필수해운제도가 비상시 제대로 운영될 수 있도록 ‘2022 국가필수해운...",박미영 기자,2022년 11월 01일 10:08
"인공지능, 디지털 혁신의료기기 의료 현장 진입 기간 1/5로 단축","보건복지부와 식품의약품안전처는 10월 31일부터 인공지능, 디지털 혁신의료기기에 대해 통합심사·평가 제도를 시행한다고 밝혔다. ‘혁신의료기기 통합심사·평가...",박미영 기자,2022년 11월 01일 10:05
"인스타그램, 계정 접속 오류 등 사용자 불편 8시간 이어졌다 ",메타(구 페이스북)가 운영하는 SNS 플랫폼인 인스타그램(Instragm)이 어제 오후 10시 30분 무렵부터 8시간 30분 정도 계정 접속 불가와 계정 ...,김영명 기자,2022년 11월 01일 10:03
"퀀텀, 기가옴 소나 보고서에서 콜드 스토리지 부문 리더 기업으로 선정",퀀텀코리아(이강욱 지사장)는 기술 연구 및 시장 분석 기관인 기가옴이 최근 발표한 ‘기가옴 소나(GigaOm Sonar for Object Storage ...,엄호식 기자,2022년 11월 01일 09:59
중소기업도 이음5세대 사업자로 본격 참여한다,과학기술정보통신부는 위즈코어의 이음5세대(5G) 주파수 할당 및 기간통신사업 등록과 한국수자원공사의 주파수 지정을 완료했다고 밝혔다.,박미영 기자,2022년 11월 01일 09:57
"안랩, EDR 활용도 및 위협 가시성 업그레이드한 ‘안랩 EDR 2.0’ 출시",안랩(대표 강석균)은 차세대 엔드포인트 위협 탐지 및 대응 솔루션 ‘안랩 EDR’의 활용도와 위협 가시성을 한층 업그레이드 한 ‘안랩 EDR 2.0’을 출...,김영명 기자,2022년 11월 01일 09:56
문제 해결을 위한 나만의 인공지능 프로그램을 개발해 보자,국립어린이과학관은 인공지능 소프트웨어 역량 증진을 위해 ‘2022년 나도 인공지능개발자 경진대회’를 오는 18일부터 20일까지 개최한다. 인공지능에 관심 ...,박미영 기자,2022년 11월 01일 09:55
"ETRI, IEEE 국제로봇학술대회 세계 1위",한국전자통신연구원(ETRI)은 지난달 9월까지 두 달간 미국전기전자공학회(IEEE)가 주관해 진행된 세계 최대의 로봇학술대회 ‘IROS 2022’의 행동 ...,박미영 기자,2022년 11월 01일 09:52
"현대차그룹, 미래 도시 연구 프로젝트 공개",현대차그룹은 유현준건축사사무소와 공동으로 연구한 ‘HMG 그린필드 스마트시티 참조모델(Hyundai Motor Group Greenfield Smart C...,박미영 기자,2022년 11월 01일 09:46
"KENTECH 노영태 교수팀, 스마트폰 앱으로 몰래카메라를 탐지하는 기술 개발",한국에너지공과대학교(KENTECH) 노영태 교수 연구팀이 한국과학기술원(KAIST) 이의진 교수와 공동 연구를 통해 사생활 침해의 주범인 스파이카메라(일명...,박미영 기자,2022년 11월 01일 09:42
"NIA, 디지털정부 동유럽 진출을 위한 발판 마련",한국지능정보사회진흥원(NIA)은 국내 기업의 세르비아 및 동유럽 진출 기반을 마련하기 위해 지난 10월 28일 세르비아 현지에서 한-세르비아 ICT 기업 ...,박미영 기자,2022년 11월 01일 09:40
"SK플래닛-중기부, ‘스마틴 앱 챌린지 2022’ 시상식 개최","SK플래닛과 중소벤처기업부가 공동으로 개최한 청소년 애플리케이션(앱) 개발 경진대회 ‘스마틴 앱 챌린지(SmarTeen App Challenge, STAC...",박미영 기자,2022년 11월 01일 09:30
"서울시, 글로벌 인공지능 콘퍼런스 ‘AI SEOUL 2022’ 개최","서울시는 ‘인공지능으로 그려보는 서울의 미래(AI, Drawing the future of Seoul)’를 주제로 국제 인공지능(AI) 콘퍼런스인 ‘AI ...",박미영 기자,2022년 11월 01일 09:18
"삼성SDS, 더 똑똑해진 ‘Brightics Studio’로 데이터 분석 인재 양성 지원",삼성SDS가 쉽고 빠른 데이터 분석 플랫폼 ‘Brightics Studio(브라이틱스 스튜디오)’의 기능을 강화해 다양한 교육기관의 데이터 분석 인재 양성...,박미영 기자,2022년 11월 01일 09:15
"서울시, ‘제5회 서울시 드론 활용 경진대회’ 개최",서울시는 드론을 활용한 도시 문제 해결 및 타 기술을 융복합한 스마트 서비스를 발굴하기 위해 ‘제5회 서울시 드론 활용 경진대회’를 개최한다고 밝혔다.,박미영 기자,2022년 11월 01일 09:10
"오픈소스 보안, 지금의 방법론들로는 모자라다",사이버 공격의 빈도와 위험 수위가 갈수록 높아지는 중이다. 하루라도 보안 사고 없이 지나가는 날이 없을 정도다. 공격 기법은 계속해서 교묘해져 가는 가운데...,문가용 기자,2022년 10월 31일 19:31
중앙대학교 보안대학원 워크숍 성황리 개최... 2023년 전반기 석사과정 신입생 모집    ,중앙대학교 보안대학원(원장 이창무)이 ‘2022학년도 보안대학원 워크숍’을 10월 28~29일 양일간 인천의 네스트호텔에서 성황리에 개최했다. 중앙대학교 ...,권준  기자,2022년 10월 31일 17:57
"소프트캠프, 차세대 보안 솔루션 선보인 ‘고객 초청 세미나’ 성료",정보보안 전문기업 소프트캠프(대표 배환국)가 서울 소공로 더플라자호텔에서 고객사를 대상으로 ‘소프트캠프 고객 초청 세미나’를 개최했다고 밝혔다. ,원병철 기자,2022년 10월 31일 16:58
"[2022 방화벽 정책관리 리포트] 자동화·모듈화·커스터마이징, 3가지 키워드로 시장 공략","최근 방화벽 정책관리 솔루션에 관심이 모아지고 있다. 방화벽 정책관리 솔루션은 기업 내부에서 수립한 방화벽 정책을 자동으로 적용해주고, 이기종 방화벽은 물...",김경애 기자,2022년 10월 31일 16:36
"해킹 그룹 크레인플라이, 새로운 공격 기법 통해 정보 수집 중",해킹 그룹 크레인플라이(Cranefly)가 인터넷정보서비스(IIS) 명령어를 활용한 새로운 기법을 통해 백도어를 퍼트리고 있다는 조사 결과가 발표됐다. 이...,문가용 기자,2022년 10월 31일 16:17
"이종호 과기정통부 장관, 이태원 압사 참사 관련 긴급 안전점검",이종호 과학기술정보통신부(이하 ‘과기정통부’) 장관은 29일 오후 10시 15분경 서울 용산 이태원 해밀톤호텔 서편 골목에서 발생한 압사 참사로 수많은 인...,김영명 기자,2022년 10월 31일 15:58
"KISIA, ‘정보보호 스타트업 CROSS IR 행사’ 개최","한국정보보호산업협회(회장 이동범, 이하 ‘KISIA’)와 경기창조경제혁신센터(센터장 신현삼)는 지난 27일 경기 성남시 판교창업존에서 ‘정보보호 스타트업 ...",김영명 기자,2022년 10월 31일 15:56
"[이슈칼럼] GCloud 전환 사업, 계란을 한 바구니에 담는 리스크는 피해야   ",공공기관의 민간 클라우드 이용 확대를 위한 ‘클라우드 보안 인증제(CSAP) 개선’ 이슈로 관련 업계가 시끄럽다. 까마귀 날자 배 떨어진 것인지 모르겠지만...,원병철 기자,2022년 10월 31일 15:52
전 세계 CCTV 시장에서 비약적인 성장이 예상되는 ‘케냐’,"케냐 CCTV 시장은 전국적으로 증가하는 범죄 사건과 관련된 국민들의 보안 우려가 높아지고, 경찰력 부족에 따라 2019~2025년 동안 견조한 성장 전망...",엄호식 기자,2022년 10월 31일 15:13
[인사] 이코노믹리뷰,△편집인 임혁 (11월 1일자),권준  기자,2022년 10월 31일 14:52
[부고] 이상석 SEN서울경제TV 대표 모친상,△내 용 : 이상석 SEN서울경제TV 대표 모친상 △고 인 : 민병일 님 △발 인 : 2022년 11월 1일 7시 △빈 소 : 청주 하나장례식장 3층 특A...,권준  기자,2022년 10월 31일 14:37
소프트웨어 개발 교육과 사이클링은 놀랍도록 닮은 꼴,"국제사이클리스트연합(Union cycliste Internationale, UCI)의 월드투어 대회에 참가하면 장장 9개월이 넘는 기간 동안 30번이 넘는...",문가용 기자,2022년 10월 31일 14:13
"[보.알.남] ‘은밀하게 위대하게’ 깨알만한 정보로 모든 걸 훔친다, 스니핑","스니핑(sniffing)이라는 단어를 영어사전에서 찾아보면 ‘코를 훌쩍이는, 킁킁거리며 냄새를 맡는’ 등의 강아지와 같은 친근한 뜻이 있다. 하지만 이 단...",김영명 기자,2022년 10월 31일 13:22
"트윌리오, 8월 해킹 사고 전에 또 침해 사고 겪어",보안 외신 해커뉴스에 의하면 통신 서비스 전문 업체 트윌리오(Twilio)가 지난 6월 침해 사고를 겪은 바 있다고 실토했다고 한다. 지난 8월 누군가 트...,문가용 기자,2022년 10월 31일 13:16
"블랙바이트 랜섬웨어, 일본 대기업 아사히 그룹 홀딩스 공격",일본의 유명 대기업 아사히 그룹 홀딩스가 블랙바이트(BlackByte)라는 랜섬웨어 그룹의 공격에 당한 것으로 보인다고 보안 블로그 시큐리티어페어즈가 공개...,문가용 기자,2022년 10월 31일 13:15
"윈도 MOTW 제로데이 취약점, 비공식적으로 패치돼",IT 외신 블리핑컴퓨터에 의하면 현재 활발히 익스플로잇 되고 있는 윈도 MOTW의 제로데이 취약점이 비공식적으로 패치됐다고 한다. 이 취약점을 악용할 경우...,문가용 기자,2022년 10월 31일 13:13
스타링크의 시그널 활용해 새로운 GPS 구축한 해커들,보안 외신 핵리드에 의하면 오스틴의 텍사스대학 연구원들이 스페이스엑스(SpaceX)의 스타링크 위성에서 오는 시그널을 해킹하는 데 성공했다고 한다. 이 시...,문가용 기자,2022년 10월 31일 13:12
리즈 트러스 전 영국 총리의 핸드폰 해킹 사고 뒤늦게 알려져,영국에서는 트러스 전 총리가 외무부 장관으로 재임하던 시절 핸드폰의 해킹이 있었다는 주장이 나오면서 조사가 시작되려 하고 있다고 BBC가 보도했다. 에 의...,문가용 기자,2022년 10월 31일 13:04
"KISA, 글로벌 개인정보 보호 컴플라이언스 밋업 개최","한국인터넷진흥원(KISA, 원장 이원태)은 개인정보보호위원회(개인정보위, 위원장 고학수)와 함께 해외 개인정보 규제에 대응하는 국내 기업의 실무자를 위한 ...",원병철 기자,2022년 10월 31일 12:58
"과학기술정보통신부, ‘디지털트윈연구자포럼’ 창립총회 개최","디지털트윈 분야의 R&D 연구자를 중심으로 각계 전문가들로 구성된 ‘디지털트윈연구자포럼(Digital Twin Researcher Forum, DTRF)’...",원병철 기자,2022년 10월 31일 11:45
"신종 스캠 ‘돼지 도살’, 중국에서 시작해 미국까지 번졌다",최근 신종 스캠(SCAM)인 ‘돼지 도살(Pig Butchering)’이 미국에서 기승을 부리는 것으로 확인돼 주의가 요구된다. 돼지 도살은 마치 돼지를 ...,원병철 기자,2022년 10월 31일 11:37
"화웨이, 더 나은 연결성을 통한 성장 촉진 강조","화웨이가 28일(현지시간) 태국 방콕에서 개최한 ‘2022 울트라 브로드밴드 포럼(Ultra-Broadband Forum, UBBF 2022)’의 둘째 날...",원병철 기자,2022년 10월 31일 11:10
"이태원 압사 참사, 자발적 행사라는 이유로 ‘안전대책’은 없었다",서울 이태원 해밀톤호텔 뒷골목 음식문화거리를 중심으로 열리는 ‘이태원 핼러윈 축제’에 참가한 사람들이 좁은 비탈길에 한꺼번에 많은 몰리면서 이태원 핼러윈 ...,김영명 기자,2022년 10월 31일 00:54
"소프트웨어 물자표, 지금 상태로는 공급망 공격 막지 못한다",미국 대통령 행정명령 14028 이후 이른 바 소프트웨어 물자표(SBOM)라는 제도를 만들기 위한 움직임이 분주해졌다. 많은 사람들이 SBOM이라는 개념에...,문가용 기자,2022년 10월 31일 00:50
Surtr 랜섬웨어 국내 유포! 특정 국가에서 실행시 공격 중지한다  ,최근 파일 암호화 후 원본 확장자 이름에 ‘[DycripterSupp@mailfence.com].[<랜덤문자열>].Surtr’ 확장자를 추가하는...,김영명 기자,2022년 10월 31일 00:06
네이버 아이디 보호조치 해제로 위장한 피싱 메일 유포,국내 포털 사이트 네이버(NAVER)의 아이디 보호조치가 실시됐다는 내용의 피싱 공격이 다수 발견돼 해당 포털 사용자들의 각별한 주의가 요구된다.,김영명 기자,2022년 10월 30일 23:53
"코레일, 범죄 대응 신고체계 개선 통해 ‘안전강화 종합대책’ 마련","한국철도공사(코레일)는 국민의 안전한 철도 이용을 위해 ‘안전강화 종합대책’을 마련하고, 더욱 신속하고 적극적으로 열차 내 범죄에 대응하기로 했다. 이번 ...",김영명 기자,2022년 10월 30일 23:46
"BGF리테일-과기정통부-KISA-조폐공사, 한국형 안심스마트점포 기술협력 강화",CU를 운영하는 BGF리테일(대표 이건준)이 경기 판교에 위치한 제2 테크노밸리 기업지원허브에서 순수 국내 중소기업 기술로 만든 한국형 안심스마트점포 테스...,김영명 기자,2022년 10월 30일 23:44
SNS상 개인정보 이용해 피해자 통장에서 1억원 탈취한 범인 잡혔다 ,광주경찰청(청장 임용환) 사이버범죄수사대는 자신도 모르는 사이 통장에서 1억원 남짓이 대출되고 그 돈이 해외로 송금되거나 다른 사람의 계좌로 빠져나갔다는 ...,김영명 기자,2022년 10월 30일 23:34
"이태원 핼러윈 축제 압사 사고, 엔데믹 전환에 따라 수많은 인파 몰려",오는 31일 미국의 대표적인 어린이 축제인 ‘핼러윈데이’를 앞두고 서울 용산 이태원 일대에서 열린 파티에 수많은 인파가 몰려 압사 사고가 발생했다.,김영명 기자,2022년 10월 30일 14:48
"경남도, ‘AI융합 지역특화산업 지원 실증랩 개소식’ 개최","경남도는 지난 27일 지자체, 유관기관, 참여기업 대표 등이 참석한 가운데 ‘AI융합 지역특화산업 지원 실증랩’ 개소식을 개최했다. 실증랩은 ‘AI융합 지...",박미영 기자,2022년 10월 29일 16:55
"창원국가산단 공동물류센터, 스마트물류센터로 탈바꿈",경남도는 지난 27일 한국산업단지공단 창원공동물류센터에서 ‘스마트물류센터 개소식’을 개최했다고 밝혔다. 이번 개소식은 스마트그린산단조성 사업 중 하나인 스...,박미영 기자,2022년 10월 29일 16:53
"SKT, ‘AI컴퍼니’ 도약 속도 낸다",SKT가 향후 10년의 성장 스토리를 이끌 ‘AI컴퍼니’로의 진화를 위해 AI 핵심 기술 기업에 대한 적극적 투자 및 협력에 나선다. SKT는 국내 AI기...,박미영 기자,2022년 10월 29일 16:52
"KT, 파트너사와 ‘미래 20년 위한 디지털 생태계 확대’ 나선다",KT가 지난 27일 ‘KT 파트너스데이(Partner’s Day)’를 개최했다고 밝혔다. 2014년 시작해 올해 9회째를 맞은 ‘KT 파트너스 데이’는 K...,박미영 기자,2022년 10월 29일 16:50
"식약처, 의료기기 안심 사용을 위한 사이버보안 강화 노력",식품의약품안전처는 의료기기 인허가 시 사이버보안 안전성 입증 방법에 대해 잘 이해할 수 있도록 ‘의료기기의 사이버보안 적용 방법 및 사례집’을 지난 28일...,박미영 기자,2022년 10월 29일 16:46
한국 반도체 산업의 역군 한자리에 모여 ‘제15회 반도체의 날 기념식’ 개최,이창양 산업통상자원부 장관은 지난 27일 ‘제15회 반도체의날 기념식’에 참여해 반도체 산업 발전에 기여한 유공자 83명에게 훈·포장 등 정부 포상을 전수...,박미영 기자,2022년 10월 29일 16:41
집단지성이 모여 신 디지털 질서를 모색하는 ‘디지털 소사이어티’ 출범,"과학기술정보통신부는 국회·정부 관계자, 디지털 분야 주요 협단체·학회 등이 참석하고 산학연 최고 전문가 60여명이 창립 회원으로 모인 가운데 지난 28일 ...",박미영 기자,2022년 10월 29일 16:37
"[주말판] 소프트웨어 물자표(SBOM), 공급망 공격 안전장치로 주목 ","서드파티 라이브러리나 도구, 그 중에서도 오픈소스를 사용하지 않는 기업이나 개발자는 단언컨데 하나도 없다. 최근 보안 업체 시높시스(Synopsys)에서 ...",문가용 기자,2022년 10월 29일 09:46
9월의 시사 이슈와 그에 얽힌 IT 이슈들,한 달 늦게 정리하는 ‘이 달의 시사 이슈와 IT 이슈’에 오신 것을 환영한다. 세상이 빨리 변한다는 말은 곧 IT라는 분야가 빨리 변한다는 말과 같은 의...,문가용 기자,2022년 10월 29일 09:43
"산림청, ‘2022년 산불 재난관리 상황 조치 훈련’ 실시","산림청은 지난 28일 대형 산불 발생을 가정해 신속한 상황 공유 및 대응 상황을 점검하기 위해 유관기관(행안부 재난대응훈련과·환경재난대응과, 강원도, 국방...",박미영 기자,2022년 10월 29일 09:21
"어명소 2차관, ‘교통안전체험교육센터, 안전의식 향상 기틀로’","어명소 국토교통부 제2차관은 지난 28일 익산지방국토관리청에서 전북도, 익산시, 한국교통안전공단과 익산 제3교통안전체험교육센터 건립을 위한 업무협약을 체결...",박미영 기자,2022년 10월 29일 09:20
"11월 1일로 패치가 예고된 오픈SSL 취약점, 어쩌면 제2의 하트블리드",오픈SSL 프로젝트(OpenSSL Project) 측에서 예고한 중요한 패치 일자가 일주일도 남지 않았다. 오픈SSL 3.0 및 후속 버전을 사용하고 있는...,문가용 기자,2022년 10월 28일 18:49
"국정원 주최 ‘2022 사이버공격방어대회’, The Duck팀 종합우승","국가정보원이 대구광역시, 경상북도와 함께 주최하고 국가보안기술연구소가 주관한 ‘2022 사이버공격방어대회’(CCE: Cyber Conflict Exerci...",원병철 기자,2022년 10월 28일 17:58
사이버보안 등 12대 국가전략기술 ‘국가전략기술 프로젝트’로 성과 창출한다,"사이버보안이 포함된 12대 국가전력기술의 성과창출을 위한 ‘국가전략기술 프로젝트’가 펼쳐진다. 과학기술정보통신부(장관 이종호, 이하 과기정통부)는 10월 ...",원병철 기자,2022년 10월 28일 16:44
"국가정보자원관리원, ‘아이디시 퓨처 엔터프라이즈 어워드’ 아태지역 수상",행정안전부 국가정보자원관리원은 지난 26일 싱가포르에서 개최된 ‘아이디시 디엑스 써밋 싱가포르(IDC DX Summit Singapore)’에서 ‘2022...,박미영 기자,2022년 10월 28일 15:39
불편하고 어려웠던 농림사업시스템 20년 만에 확 바뀐다,농림축산식품부는 농림사업의 효율적 관리와 신청 농업인의 편의성 향상을 위해 디지털 기반으로 전면 재구축하는 ‘차세대 농림사업통합정보시스템 구축사업’이 기획...,박미영 기자,2022년 10월 28일 15:38
"농진청, 스마트 온실 무인 방제 척척 ‘방제 로봇’ 선보여",농촌진흥청은 3세대 스마트팜 기술을 적용한 스마트 온실 방제 로봇을 개발했다고 밝혔다. 농촌진흥청에서 개발한 방제 로봇은 8시간 이상 연속 운전이 가능하고...,박미영 기자,2022년 10월 28일 15:36
"특허청, 인공지능 기반 특허행정 고도화의 첫발을 내딛다",특허청은 인공지능(AI)·지식재산 관련 산·학·연 민간 전문가와 함께 ‘인공지능(AI) 기술을 활용한 특허행정 혁신 로드맵’을 수립하기 위한 자문회의를 2...,박미영 기자,2022년 10월 28일 15:35
"소방청, 제21회 대한민국 안전대상 시상식 개최","소방청이 주최하고 한국안전인증원, 한국소방산업기술원, 한국소방안전원이 공동 주관하는 ‘제21회 대한민국 안전대상’ 시상식이 지난 27일 개최됐다.",박미영 기자,2022년 10월 28일 15:32
"SK텔레콤-대구시, UAM 사업화 청사진 함께 그린다","SK텔레콤은 대구시와 대구시 UAM 선도도시 조성을 위한 업무협약을 체결했다고 지난 27일 밝혔다. 이번 협약은 ‘K-UAM 드림팀’ 컨소시엄의 SKT, ...",박미영 기자,2022년 10월 28일 15:20
코딩 관심있는 장애청소년 모두 모여라,SKT는 한국장애인단체총연맹과 공동으로 지난 24~25일 양일간 개최한 ‘2022 SKT 장애청소년 코딩챌린지’에 전국 29개 특수학교(급) 장애청소년 9...,박미영 기자,2022년 10월 28일 15:18
"[테크칼럼] 클라우드 환경에서 필수적인 보안솔루션, CSPM 검토 기준",최근 클라우드 전환이 가속화되면서 IT 인프라가 클라우드 환경으로 빠르게 전환되고 있다. 이에 따라 전환을 지원해야 하는 IT 부서의 고민도 가중되고 있다...,김경애 기자,2022년 10월 28일 14:04
"행안부, ‘재난안전산업 진흥법’ 시행을 위한 제도적 기반 마련",행정안전부는 ‘재난안전산업 진흥법’이 2023년 1월 5일부터 시행(2022.1.4. 공포)됨에 따라 법에서 위임된 사항과 그 시행에 필요한 사항을 규정하...,박미영 기자,2022년 10월 28일 14:01
"과기정통부, ‘대한민국 디지털 전략 소통·공감, 디지털 산업 시리즈’ 개최",과학기술정보통신부는 세계적인 디지털 혁신 모범국가를 향한 ‘대한민국 디지털 전략’의 미래상과 가치를 국내외 전문가들과 공유하고 디지털 산업의 발전 방향을 ...,박미영 기자,2022년 10월 28일 14:00
"산업부, ‘2022 대학생 자율주행 경진대회 시상식’ 개최","산업통상자원부는 지난 26일 대학생 자율주행경진대회 본선을 진행해 우수한 기량을 보인 5개 팀을 선정하고, 지난 27일 시상식을 개최했다.",박미영 기자,2022년 10월 28일 13:30
"비젼인, 효성과 지능형 객체인식 솔루션 공급 협약 체결",비젼인(대표이사 김학일)은 자체 개발 제품인 지능형 객체인식 솔루션 ‘ViVA(VisionIn Video Analysis)’ 솔루션 공급 협약을 효성과 체...,엄호식 기자,2022년 10월 28일 13:26
"아크로니스, ‘어드밴스드 데이터 유출 방지’ 솔루션 발표",통합 사이버 보호 선두기업 아크로니스(지사장 고목동)는 통합 사이버 보호 솔루션인 ‘아크로니스 사이버 프로텍트 클라우드(Acronis Cyber Prote...,김경애 기자,2022년 10월 28일 13:24
"TTA, 시각장애인의 문화시설 관람 편의성을 높이기 위한 안내기기 표준화 추진","한국정보통신기술협회(회장 최영해, 이하 ‘TTA’)는 ‘누구나’ 문화예술을 향유할 수 있도록 ‘문화 시설 관람을 위한 시각장애인용 안내기기 요구사항과 콘텐...",김경애 기자,2022년 10월 28일 13:21
"행안부·도로교통공단, 교통사고 다발 어린이보호구역 맞춤형 정비한다",행정안전부와 도로교통공단은 지난해 어린이 교통사고가 많이 발생한 어린이보호구역 40곳을 대상으로 8월 8일부터 19일까지 관계기관 합동 점검을 실시하고 분...,박미영 기자,2022년 10월 28일 13:13
"해외 매체 뉴욕포스트, 내부 직원에 의해 해킹됐다?",보안 외신 시큐리티위크에 의하면 해외 매체인 뉴욕포스트가 내부 직원에 의해 해킹 공격을 당했다고 주장하고 나섰다고 한다. 얼마 전 뉴욕포스트의 공식 트위터...,문가용 기자,2022년 10월 28일 12:55
"로이터 통신, 민감한 정보 3TB를 인터넷에 고스란히 노출시켜",보안 블로그 시큐리티어페어즈에 의하면 국제적인 대형 매체인 로이터에서 데이터베이스가 인터넷에 노출되는 사고가 발생했다고 한다. 고객 및 기업의 민감한 정보...,문가용 기자,2022년 10월 28일 12:54
"깃허브, 리포지터리 노출시키는 위험한 취약점 패치","보안 외신 핵리드에 의하면 전 세계적인 코드 공유 사이트인 깃허브(GitHub)에서 비밀 리포지터리들까지 공격자에게 노출시킬 수 있는 취약점이 발견됐고, ...",문가용 기자,2022년 10월 28일 12:52
"MS, 라즈베리로빈 공격자와 클롭 랜섬웨어 공격자 간 관계성 의심","MS가 라즈베리로빈(Raspberry Robin)을 사용하는 공격자와, 클롭 랜섬웨어 공격자 간의 관계성이 의심된다고 발표했다. 라즈베리로빈으로 감염된 적...",문가용 기자,2022년 10월 28일 12:51
80개 이상의 셰도우패드 멀웨어용 C&C 서버 공개돼,보안 외신 해커뉴스에 의하면 셰도우패드(Shadow Pad)라는 멀웨어와 연결된 C&C 서버 85개가 발견되고 또 공개되었다고 한다. 셰도우패드 운영자들이...,문가용 기자,2022년 10월 28일 12:49
과학기술로 강군으로 향하는 지름길 마련한다,국회 국방위원회 한기호 의원과 방위사업청은 지난 27일 ‘AI 과학기술 강군’ 도약을 위한 ‘무기체계 획득절차 혁신 토론회’를 개최했다.,박미영 기자,2022년 10월 28일 11:40
고품질 표준데이터로 창업과 사업 길 열었다,산업통상자원부 국가기술표준원은 국가참조표준의 우수 개발 사례와 활용 성과를 공유하고 확산하기 위해 지난 27일 성과공유회를 개최했다. ‘국가참조표준’은 측...,박미영 기자,2022년 10월 28일 11:35
"인공지능, 과학관과 함께 스스로 탐구했어요",국립중앙과학관은 초·중등학교를 중심으로 인공지능에 대한 관심과 탐구 분위기 확산을 위해 개최한 ‘2022년 인공지능 자율탐구 성과대회’ 결과를 발표했다.,박미영 기자,2022년 10월 28일 11:30
"소프트웨어 미래를 채우다, 소프트웨어 미래를 만들다","과학기술정보통신부와 정보통신산업진흥원(NIPA), 한국교육방송공사(EBS)는 200여명의 소프트웨어 전문 강사와 11개 기관이 참여한 ‘2022 소프트웨어...",박미영 기자,2022년 10월 28일 11:19
"국토부, ‘드론법’ 개정안 국회 본회의 통과",국토교통부는 ‘드론 활용의 촉진 및 기반 조성에 관한 법률’ 개정안이 지난 27일 국회 본회의를 통과했다고 밝혔다. 이번 ‘드론법’ 개정안은 급증하는 무인...,박미영 기자,2022년 10월 28일 11:15
"과기정통부, 안전한 지능형점포 확산을 위한 민관 협력 시동",과학기술정보통신부는 급증하고 있는 지능형점포의 도난·파손 등 범죄로부터 소상공인을 보호하고 이용자 편의성을 향상시키기 위해 지난 27일 한국인터넷진흥원(K...,박미영 기자,2022년 10월 28일 11:14
"도심지 복합 테러, 한치의 빈틈없이 대응태세 완비",한덕수 국무총리는 지난 27일 ‘2022 국가 대테러종합훈련’을 주관하고 관계기관의 테러 대비태세를 점검했다. 훈련에서는 ①폭발물·화학물질 공격 ②드론 공...,박미영 기자,2022년 10월 28일 11:10
"울산시, 조선해양 분야 미래 신사업 육성 나선다",울산시는 지난 27일 ‘상생협력형 조선해양 정보통신기술(ICT) 융합 중소포럼 및 연구회’의 시상식을 개최했다. ‘중소포럼 및 연구회’는 울산시 기업의 현...,박미영 기자,2022년 10월 28일 11:06
"NIA, ‘대한민국 안전대상’ 공공서비스 분야 행안부 장관상 수상",한국지능정보사회진흥원(NIA)은 지난 27일 개최된 ‘제21회 대한민국 안전대상’ 시상식에서 공공서비스 분야 행정안전부 장관상을 수상했다고 밝혔다.,박미영 기자,2022년 10월 28일 11:05
"NIA, 스마트팜 국제 협력으로 국내 클라우드 동반 진출",과학기술정보통신부와 한국지능정보사회진흥원(NIA)은 ‘한-말레이시아 IT협력프로젝트’ 사업으로 추진한 농작물 관리 및 환경 대응에 필요한 인프라를 외산에서...,박미영 기자,2022년 10월 28일 11:05
"개인정보위, ‘제4차 마이데이터 표준화 협의회’ 개최",개인정보보호위원회는 관계 부처와 함께 28일 전 분야 마이데이터 도입을 위한 ‘제4차 마이데이터 표준화 협의회’를 개최했다. 이번 협의회에서는 전 분야에서...,박미영 기자,2022년 10월 28일 10:48
"개인정보위, 해외 개인정보 감독기구와 국제 협력 확대한다",개인정보보호위원회는 튀르키예 개인정보보호위원회(KVKK)가 주최한 ‘제44차 지피에이(GPA) 연례총회’에 지난 25일부터 26일까지 참석했다.,박미영 기자,2022년 10월 28일 10:43
"한국수력원자력, 디지털트윈 산학연 기술 교류 워크숍 개최","한국수력원자력(한수원)이 지난 27일 ‘디지털트윈 산학연 기술 교류 워크숍’을 개최했다. 한수원 경영진과 발전소 실무 직원, 산학연 디지털트윈 전문가 등 ...",박미영 기자,2022년 10월 28일 10:41
한국 스마트팩토리로 일본 제조업의 디지털 전환 수요를 잡아라,KOTRA는 지난 26일부터 29일까지 3일간 일본 나고야에서 ‘한일 스마트팩토리 파트너링’ 사업을 개최한다. 일본 최대 규모의 제조업 전문 전시회인 ‘팩...,박미영 기자,2022년 10월 28일 10:40
"SK에코플랜트, 디지털 폐기물 관리 서비스 ‘웨이블’ 출시",국내 대표 환경기업 SK에코플랜트가 다양한 산업군의 폐기물 처리 전 과정을 투명하게 검증·관리할 수 있는 디지털 폐기물 관리 서비스 ‘웨이블(WAYBLE)...,박미영 기자,2022년 10월 28일 10:38
"남동발전, ‘안전 최우선’ 가치 추구 성과 인정받다",한국남동발전은 지난 27일 소방청이 주최한 ‘제21회 대한민국 안전대상’ 우수기업상 부문에서 최고상인 대통령상을 수상했다고 밝혔다. 남동발전은 ‘안전 최우...,박미영 기자,2022년 10월 28일 10:35
"충남도, 인공지능 기반 혁신 기술 개발 나선다","충남도는 지난 27일 아산 소재 충남과학기술진흥원에서 ‘인공지능(AI) 융합 지역특화산업 지원 실증 랩(연구실)’ 개소식을 열고, 지역의 주력산업인 친환경...",박미영 기자,2022년 10월 28일 10:35
"전남도, 강진 대비 지진 교육훈련 집중 운영",전남도는 돌발적으로 발생할 수 있는 대규모 강진에 대비하기 위해 목포시 등 22개 시군과 연계해 앞으로 한 달간 공공·민간 다중이용시설 46개소에서 지진 ...,박미영 기자,2022년 10월 28일 10:33
"서울시, 중소 규모 판매시설 화재사고 예방 안전점검 실시",서울시는 지난 9월 대전 현대아웃렛 지하주차장 화재사고로 다수의 사상자가 발생함에 따라 화재사고 예방을 위해 서울시내 중소 규모 판매시설을 대상으로 지난 ...,박미영 기자,2022년 10월 28일 10:32
"비전넥스트, LG전자와 차세대 로봇 솔루션 개발",한화 그룹의 인공지능(AI) 컴퓨터비전 반도체 전문기업 ‘비전넥스트(VisioNexT)’가 차세대 로봇 솔루션 개발을 위해 ‘LG전자’와 업무협약(MOU)...,엄호식 기자,2022년 10월 28일 10:30
"안랩, 2022년 3분기 매출 546억, 영업이익 74억","안랩(대표 강석균)은 2022년 3분기 연결기준 매출 546억원, 영업이익 74억원(별도기준 매출 529억원, 영업이익 82억원)을 기록했다고 잠정 실적을...",김경애 기자,2022년 10월 28일 10:28
"서울시, 겨울철 소방안전대책 추진",서울시 소방재난본부는 화재 위험이 높아지는 11월부터 내년 2월까지를 ‘겨울철 소방안전 중점 추진 기간’으로 정하고 선제적 화재 예방 안전 대책을 추진한다...,박미영 기자,2022년 10월 28일 10:25
"서울시여성가족재단, ‘제7회 대한민국 범죄예방대상’ 최우수상 수상","서울시여성가족재단은 경찰청, 중앙일보가 공동 주최한 ‘제7회 대한민국 범죄예방대상’에서 여성가족부 장관 표창을 수상했다고 밝혔다.서울시여성가족재단은 경찰청...",박미영 기자,2022년 10월 28일 10:21
"서울시, 메타버스·자율주행로봇 등 신산업 분야 취업 비법 공개한다","서울시는 최근 급성장하고 있는 신산업 분야 중 청년들의 관심이 높은 메타버스, 자율주행 분야의 현직자가 출연해 각 분야별 취업 준비 비법을 공개하는 실시간...",박미영 기자,2022년 10월 28일 10:20
통합로그관리 플랫폼 ‘로그프레소 스탠다드 4.0’ GS인증 획득,보안 운영(SecOps) 플랫폼 전문 기업 로그프레소(대표 양봉열)는 통합로그관리 플랫폼 ‘로그프레소 스탠다드 4.0’가 최근 한국정보통신기술협회(TTA)...,원병철 기자,2022년 10월 28일 10:16
"화웨이, UBBF 2022에서 초광대역 5.5G로의 도약 촉구","화웨이가 27일(현지시간) 방콕에서 ‘2022 울트라 브로드밴드 포럼(Ultra-Broadband Forum, UBBF 2022)’을 개최했다. 행사 첫 ...",원병철 기자,2022년 10월 28일 10:09
"KISA, 2022 아세안 국가 사이버공격 대응 공동 모의훈련 참여","한국인터넷진흥원(KISA, 원장 이원태)은 아세안 회원국 역량 강화 및 참여국간 사고 대응력을 점검하기 위해 싱가포르 국가 침해사고대응팀(SingCERT)...",원병철 기자,2022년 10월 28일 10:02
[스마트점포의 현재와 미래-2] 스마트점포 기술의 국산화 및 고도화 위한 정부의 노력,정보통신기술(ICT : Information and Communications Technology)의 급속한 발달과 ‘기계 생산성’이 인간의 ‘노동생산성’...,엄호식 기자,2022년 10월 28일 08:21
"넥스트칩, 완전 자회사 베이다스 합병 통해 자율주행/ADAS 시스템 공급업체로 변신",차량용 전자기기 전문기업 앤씨앤(대표 최종현)은 100% 완전 자회사인 베이다스를 합병 결정했다고 밝혔다. 베이다스는 2010년 포스텍 석박사 출신들이 자...,엄호식 기자,2022년 10월 28일 08:06
"Elbie 랜섬웨어, 익스플로러 애드온 설치파일로 위장해 국내 유포",마이크로소프트 인터넷 익스플로러(Internet Explorer) Add-on 설치 프로그램인 ieinstal.exe로 위장한 Elbie 랜섬웨어가 유포되...,김영명 기자,2022년 10월 27일 23:22
"랜섬웨어 공격자들, 제조 산업 겨누고 공격의 포화 퍼붓는 중",랜섬웨어 갱단들이 제조 분야를 강력하게 공격하는 중이다. 적어도 미국에서는 이런 현상이 두드러지게 나타나는 중이라고 한다. 새롭게 등장하는 랜섬웨어 단체들...,문가용 기자,2022년 10월 27일 18:14
Weekly Security Premium Report 제73호 발간! SW 공급망 공격 대응 ‘SBOM’ ,10월 27일 발간된 ‘Weekly Security Premium Report’ 제73호에는 <보안 심층 리포트> 코너에서 최근 미국에서 소프트...,권준  기자,2022년 10월 27일 18:00
"슈프리마 바이오스테이션 3, 유럽에서 최고 보안 제품 대상 수상","AI 통합보안 솔루션 전문기업 슈프리마(대표 이재원, 김한철)의 바이오스테이션(BioStation) 3가 유럽 최고 권위의 ‘디텍터 인터내셔널 어워즈(De...",엄호식 기자,2022년 10월 27일 16:28
"세일포인트, 새로운 아이덴티티 보안 제품 업데이트 공개",엔터프라이즈 아이덴티티 보안 기업 세일포인트테크놀로지홀딩스(지사장 지정권)는 온라인 기자간담회를 통해 세일포인트 아이덴티티 보안 클라우드(SailPoint...,김영명 기자,2022년 10월 27일 14:46
"아이서티, 영상보안 소프트웨어 ‘EDRON-VIEW & I-VPM’ 우수제품 지정",아이서티는 영상보안 소프트웨어 제품 ‘EDRON-VIEW & I-VPM ver1.0’이 조달청 우수제품으로 지정됐다고 25일 밝혔다. ,엄호식 기자,2022년 10월 27일 14:42
"캡스텍, ‘대한민국 범죄예방대상’ 여가부장관 표창 수상","종합시설관리 전문기업 캡스텍(대표이사 천세훈)은 ‘제7회 대한민국 범죄예방대상‘에서 ’여성가족부 장관 표창’을 수상했다고 27일 밝혔다. 경찰청, 중앙일보...",엄호식 기자,2022년 10월 27일 14:31
"북한의 김수키, 3개의 안드로이드 멀웨어 사용해 한국 공격",보안 외신 해커뉴스가 한국의 보안 업체 S2W의 보고서를 인용해 북한 해킹 그룹 김수키의 새로운 활동에 대하여 보도했다. 이에 따르면 김수키는 한국의 주요...,문가용 기자,2022년 10월 27일 14:13
"새로운 크립토재킹 캠페인, 도커와 큐버네티스 집중적으로 노려","보안 외신 핵리드가 현재 새롭게 진행되고 있는 대규모 크립토재킹 캠페인에 대하여 보도했다. 이 캠페인의 이름은 키스어독(Kiss-a-dog)이라고 하며, ...",문가용 기자,2022년 10월 27일 14:12
"오픈SSL, 사상 두 번째 초고위험도 취약점 곧 패치할 예정",보안 블로그 시큐리티어페어즈에 따르면 오픈SSL(OpenSSL)이 조만간 취약점 패치를 진행할 예정이라고 한다. 최근 초고위험도 취약점이 발견됐기 때문이다...,문가용 기자,2022년 10월 27일 14:10
"구글, 크롬 107 발표하며 취약점 14개 해결","보안 외신 시큐리티위크에 의하면 구글이 14개의 취약점을 해결한 크롬 최신 버전을 발표했다고 한다. 크롬 107이며, 외부 전문가들이 제보한 고위험군 취약...",문가용 기자,2022년 10월 27일 14:09
"악명 높은 해커 베스트바이, 다크웹 시장 운영 혐의로 기소돼","악명 높은 영국 출신 해커가 미국 사법부에 의해 기소됐다고 IT 외신 블리핑컴퓨터가 보도했다. 용의자는 34세로, 다크웹에서 리얼딜(Real Deal)이라...",문가용 기자,2022년 10월 27일 14:07
"슈프리마아이디, 3분기 누적 매출액 전년 대비 10% 성장",바이오인식 아이디 및 보안 솔루션 전문기업 슈프리마아이디(대표이사 박보건)가 2022년 3분기 실적을 발표했다. 슈프리마아이디의 3분기 누적 연결매출은 지...,엄호식 기자,2022년 10월 27일 11:36
"씨유박스, 용감한컴퍼니와 AI 얼굴인식 적용한 라이브 강의 플랫폼 사업 MOU 체결",AI 얼굴인식 전문기업 씨유박스는 지난 26일 온라인 교육 및 헬스 플랫폼 기업인 용감한컴퍼니와 ‘AI 얼굴인식을 적용한 모두의대치동 라이브 강의 플랫폼 ...,엄호식 기자,2022년 10월 27일 11:34
"텔레다인 플리어 한국지사, 연말까지 5건의 프로모션 동시 진행","텔레다인 플리어(Teledyne FLIR 한국지사, 지사장 이해동)는 현재 진행 중인 1건의 프로모션을 포함, 연말까지 총 5건의  프로모션 이벤트를 동시...",엄호식 기자,2022년 10월 27일 11:33
IT 팀장으로서 팀원들에게 나쁜 소식을 잘 전달하려면,"IT 책임자들이 가장 껄끄러워하는 일은 무엇일까? 팀원들에게 안 좋은 소식을 전하는 것이다. 해고 통지라든가, 프로젝트 취소라든가, 가장 덩치 큰 고객과의...",문가용 기자,2022년 10월 27일 11:29
"스마트워치가 주치의처럼 변하고 있는데, 데이터 관리 전략은 어디에?",스마트워치들이 점점 더 깊이 사용자의 건강 문제에 개입하고 있다. 지금도 사용자의 손목에서 신체 정보를 부지런히 수집하고 처리하느라 바쁘다. 스마트워치들에...,문가용 기자,2022년 10월 27일 11:27
"제19차 경제산업포럼, ‘대한민국 산업 위기극복·혁신의 길’ 제시","폴리뉴스(대표이사 김능구)와 상생과통일포럼(공동대표 정우택 국민의힘 의원, 노웅래 더불어민주당 의원)이 26일 서울 여의도 CCMM빌딩(국민일보)에서 ‘위...",원병철 기자,2022년 10월 27일 11:06
"국회 국방위원회와 국방부, ‘국방혁신 4.0’ 3차 세미나 공동 개최",국회 국방위원회와 국방부는 지난 26일 이헌승 국방위원장과 이종섭 국방부장관 공동 주관으로 ‘국방혁신 4.0’ 3차 세미나를 개최했다. 이번 3차 세미나에...,박미영 기자,2022년 10월 27일 10:50
"디지털 대전환 시대, 중요 IT 인프라에서 SW개발보안 방안은?","과학기술정보통신부, 행정안전부와 한국인터넷진흥원(KISA)은 11월 4일 ‘제12회 소프트웨어 개발보안 컨퍼런스’를 개최한다고 밝혔다.",박미영 기자,2022년 10월 27일 10:47
"행복청, 건설 현장 지능형 안전 관리 활용해 안전한 행복도시 건설",행정중심복합도시건설청(행복청)은 행복도시 건설 현장에 대해 지능형 안전 관리를 활용한 안전한 행복도시 건설에 적극적으로 나서겠다고 지난 26일 브리핑을 통...,박미영 기자,2022년 10월 27일 10:47
"국토부, ‘제5회 국토교통부×스타트업×청년재단 커피챗’ 개최",국토교통부와 청년재단은 국토교통 신산업 활성화를 위한 새싹기업 소통 릴레이의 다섯 번째 만남으로 지난 26일 ‘제5회 국토교통부×스타트업×청년재단 커피챗’...,박미영 기자,2022년 10월 27일 10:45
광주에 ‘HPC-AI 공용인프라 데이터센터’ 개소,‘인공지능 중심도시 광주’에서 고성능컴퓨팅-인공지능(HPC-AI) 기반 공용인프라 데이터센터가 지난 26일 문을 열고 11월부터 시범 운영에 들어간다.,박미영 기자,2022년 10월 27일 10:43
"KT ‘AI 원팀’, 국가대표 AI 협력 플랫폼 도약 선언","KT가 지난 25일 ‘AI 원팀 서밋(AI One Team Summit) 2022’를 개최하고, 참여 기관들이 함께 대한민국 AI의 미래 방향성을 논의했다...",박미영 기자,2022년 10월 27일 10:42
"LG CNS, 농어촌 지역과 특수학교로 ‘AI 교육’ 확대","DX 전문기업 LG CNS가 최근 강원 철원중학교 학생들을 대상으로 AI 교육 프로그램 ‘AI지니어스’를 실시했다. 전남 완도, 전남 무안, 경북 문경, ...",박미영 기자,2022년 10월 27일 10:40
발빠짐 주의 포스터를 보고 깜짝 놀라세요!,"서울교통공사와 IBK기업은행이 지하철 승강장 발빠짐 사고 예방을 위한 업무협약을 체결, 사고 다발역 승강장안전문 하단부와 승강장 바닥에 ‘발빠짐 주의’ 홍...",박미영 기자,2022년 10월 27일 10:38
"서울소방, 동시 다발 피해 상황 대응 불시 긴급구조통제단 가동훈련 실시",서울시 소방재난본부는 “119 신고 폭주 및 동시 다발 피해 상황을 가정해 신속한 재난대응체계 가동을 위한 불시 긴급구조통제단 훈련을 실시했다”고 밝혔다.,박미영 기자,2022년 10월 27일 10:37
"서울시-KT, ‘빅데이터 기반 소상공인 매출 증대 프로젝트’ 업무협약",서울시와 KT는 보유 빅데이터 플랫폼을 공동 활용해 경영이 어려운 소상공인 대상 골목경제 부활 프로젝트를 추진해 민관 지원을 통한 서울시 소상공인의 매출 ...,박미영 기자,2022년 10월 27일 10:32
"포스코ICT, A.WORKS 3.0 출시해 국내 RPA 시장 1위 공략","포스코ICT가 사용자 편의성과 운영성을 대폭 강화한 자사의 RPA(SW 로봇) 솔루션인 A.WORKS(에이웍스) 3.0을 출시하고, RPA 대중화를 통한 ...",박미영 기자,2022년 10월 27일 10:31
"KTL, 정보통신기획평가원과 ICT 연구개발 신뢰성 확보에 맞손",국내 유일 공공 종합시험인증기관인 한국산업기술시험원(KTL)은 정보통신기획평가원(IITP)과 ‘디지털시대 정보통신기술(ICT) 연구개발(R&D) 성과 창출...,박미영 기자,2022년 10월 27일 10:29
"카이스트-뉴욕대, 디지털 거버넌스 포럼 개최",KAIST가 오는 28일 오전 한국프레스센터에서 ‘KAIST-NYU 디지털 거버넌스 포럼’을 개최한다. 이번 포럼은 지난 9월 미국 현지에서 뉴욕대학교(N...,박미영 기자,2022년 10월 27일 10:26
"정읍시, 전북도 정보보안 관리실태 평가 ‘최우수기관’ 선정",정읍시가 전북도에서 진행한 ‘2022 시·군 정보보안 관리실태 평가’에서 14개 시군 중 1위를 차지하며 최우수기관 표창을 받았다. 시에 따르면 도내 시군...,박미영 기자,2022년 10월 27일 10:20
"한전, 전력 분야 실전형 사이버공격 방어훈련 2년 연속 개최",한국전력은 지난 25일부터 26일까지 국정원 광주지부와 공동 주관으로 제2회 전력 분야 실전형 사이버공격 방어훈련을 시행했다. ‘실전형 사이버 공격·방어훈...,박미영 기자,2022년 10월 27일 10:19
"KISA, 소상공인 대상 온라인광고 피해예방 교육 실시","한국인터넷진흥원(KISA, 원장 이원태) 온라인광고분쟁조정위원회는 중소상공인희망재단과 함께 소상공인 초기 창업자 100여 명을 대상으로 온라인광고 활용역량...",원병철 기자,2022년 10월 27일 10:14
"스패로우, ‘데브섹옵스 솔루션’으로 일본 진출 속도 낸다",애플리케이션 보안 전문기업 스패로우(대표 장일수)는 일본 도쿄에서 26일부터 28일까지 개최 중인 ‘재팬 IT 위크(Japan IT Week) 2022’에...,김영명 기자,2022년 10월 27일 10:13
"성동구, 성동형 스마트 빗물받이 설치로 악취와 침수 피해 한번에 해결한다",서울 성동구는 기존 빗물받이를 개선해 악취와 침수 피해를 막는 ‘성동형 친환경 스마트 빗물받이’를 개발해 왕십리도선동 일대에 시범 설치를 완료했다.,박미영 기자,2022년 10월 27일 10:12
"성동구, 데이터 분석으로 1인가구 건강 지킨다",성동구가 1인가구의 건강한 일상을 지원하기 위해 본격적인 행정을 펼친다. 구는 지난 18일 SK C&C와 협약식을 가지고 데이터 기반의 이용자 맞춤형 디지...,박미영 기자,2022년 10월 27일 10:08
"한국화웨이, 국내 엔터프라이즈 파트너 및 고객 지원 강화",한국화웨이가 지난 25일과 26일에 걸쳐 프레이저플레이스 센트럴 서울에서 ‘화웨이 IP 클럽(Huawei IP CLUB)’과 ‘화웨이 IT 데이(Huawe...,원병철 기자,2022년 10월 27일 10:02
반복적인 안전사고 근절을 위한 안전 감시 역량 집결한다,"행정안전부는 중앙부처, 지방자치단체, 공공기관의 감사·안전감찰부서가 참여하는 ‘안전감찰 협의회’를 27일에 개최했다. 이번 협의회에서는 △각 기관에서 추진...",박미영 기자,2022년 10월 27일 09:55
"KISTI, 서울대와 세계 최초로 ‘타코마 다리 붕괴사고’ 전 과정을 슈퍼컴퓨터로 재현",한국과학기술정보연구원(KISTI)과 서울대 기계공학부 최해천 교수 연구팀은 1940년에 발생한 ‘타코마 다리(Tacoma Narrows Bridge) 붕괴...,박미영 기자,2022년 10월 27일 09:50
"딥노이드, “의료 AI 넘어 전 산업 아우르는 범용 AI로 거듭날 것”",딥노이드(대표 최우식)가 서울 코엑스 인터컨티넨탈 서울 파르나스 그랜드볼룸에서 ‘딥노이드 X4 AI 콘퍼런스’를 개최했다. 딥노이드는 어려운 영역이라고 거...,김영명 기자,2022년 10월 27일 09:16
AIoT는 IoT와 얼마나 다를까? AI 더해져 보안위협은 더 커진다   ,‘IoT’가 등장한지 20여년 만에 AIoT(AI+IoT)가 주목받고 있다. AIoT는 ‘Artificial Intelligence of Things’의 ...,김영명 기자,2022년 10월 26일 17:51
"소방청, 농수산물 도매시장 긴급 화재안전조사 실시","소방청은 10월 25일 발생한 대구 농수산물 도매시장 화재와 관련해 유사사고 예방을 목적으로, 10월 27일부터 12월 2일까지 전국 농수산물도매시장 49...",엄호식 기자,2022년 10월 26일 17:50
"MS 윈도에서 발견된 두 가지 제로데이 취약점, 아직 패치는 없어",윈도의 여러 버전에서 두 개의 취약점이 발견됐다. MS의 MOTW라는 보안 기능을 우회하여 악성 첨부파일을 전송할 수 있도록 해주는 취약점들이다. 윈도 버...,문가용 기자,2022년 10월 26일 17:31
"[보안뉴스×KISIA ‘정보보호 스타트업, 해외로 가다’] 익명 본인확인 스타트업 ‘어나니머스’",‘익명성’을 강조하기 위해 탄생한 ‘어나니머스’는 김바울 대표의 아이디어에서 시작했다. 본인인증을 위해서 굳이 필요하지 않은 개인정보를 사이트에 제공한다는...,원병철 기자,2022년 10월 26일 17:17
"파워보이스의 화자인증기술, 금융결제원 인증 획득",음성 AI 전문기업 파워보이스(대표 정희석)는 금융결제원으로부터 화자인식기술 음성바이오정보 분산관리시스템 적합 인증을 획득했다고 26일 밝혔다. ‘화자인증...,엄호식 기자,2022년 10월 26일 17:10
"화웨이, ‘5.5G로의 도약 : 미래의 기반’ 역설","화웨이가 GSMA 및 GTI와 공동으로 주최한 제13회 ‘글로벌 모바일 브로드밴드 포럼(Global Mobile Broadband Forum, 이하 ‘MB...",김영명 기자,2022년 10월 26일 17:09
디지털 질서를 위한 새로운 보안 패러다임 ‘제로트러스트·공급망 보안 포럼’,날로 늘어나고 지능화되고 있는 사이버보안 위협에 대응하기 위한 해결책으로 제로트러스트와 공급망 보안을 강화하기 위한 정부의 움직임이 본격화됐다. 과학기술정...,원병철 기자,2022년 10월 26일 15:24
"CJ올리브네트웍스, 빗썸메타 네모 마켓 알파서 ‘풀하우스’ NFT 판매",CJ올리브네트웍스(대표 차인혁)가 오는 26~27일 양일간 빗썸메타의 네모 마켓 알파(NAEMO MARKET ALPHA)에서 크립툰 나이트(CRYPTOON...,김영명 기자,2022년 10월 26일 15:20
"트렌드마이크로, ‘CLOUDSEC Korea 2022’ 3년 만의 대면 개최",글로벌 클라우드 보안업체인 트렌드마이크로(지사장 김진광)가 다음달 9일 서울 삼성동에 있는 그랜드 인터컨티넨탈 서울 파르나스 그랜드볼룸에서 클라우드 보안 ...,김영명 기자,2022년 10월 26일 15:04
공공 마이데이터 활용 촉진 위한 지원센터 개소된다,"행정안전부는 지난 25일 공공 마이데이터의 활용을 촉진하기 위해 한국지능정보사회진흥원에 ‘본인정보 제공지원센터’를 개소하고, 이와 함께 육군 인사사령부·한...",박미영 기자,2022년 10월 26일 15:01
"과학기술 통계 데이터, 마음껏 생성하고 활용하자",과학기술정보통신부는 그동안 축적된 과학기술 통계 데이터의 활용을 촉진하고 수요자 중심의 맞춤형 통계 데이터 생성을 지원하기 위해 데이터 개방 및 타 데이터...,박미영 기자,2022년 10월 26일 15:00
위성과 드론 기술 융합으로 저수지 가뭄에 선제적 대응한다,행정안전부 국립재난안전연구원은 위성 영상과 드론 측량 영상 자료를 활용해 중·소규모 농업용 저수지 수(水) 표면적 분석을 통한 저수지 가뭄 점검(모니터링)...,박미영 기자,2022년 10월 26일 14:58
자율차 시험 운행하는 방법 쉽게 알려드려요,국토교통부는 26일 자율주행 기술개발 편의 증진과 모빌리티 서비스 개발 촉진을 위해 ‘자율주행자동차 임시운행허가 가이드라인’을 발표하고 자율주행 관계기관 ...,박미영 기자,2022년 10월 26일 14:56
"행안부, 직원 대상 데이터 리터러시 교육 만족도 90% 이상","행정안전부는 지난 6일부터 14일까지 3기(1박 2일)에 걸쳐 행정안전부 직원을 대상으로 ‘데이터 문해력(리터리시) 역량 강화 교육’을 진행한 결과, 만족...",박미영 기자,2022년 10월 26일 14:52
"행안부, 정부대전청사에서 드론 폭발 및 화재 발생 대응 훈련 실시",행정안전부 정부청사관리본부 대전청사관리소는 지난 25일 드론 테러에 대한 대응 능력을 제고하기 위해 ‘유관기관 합동 훈련’을 실시했다.,박미영 기자,2022년 10월 26일 14:51
"KT, 스마트로봇으로 사회적 약자 관람 돕는다",KT가 서울디자인재단과 함께 서울 중구 동대문디자인플라자(DDP) 디자인쇼룸과 디자인홀에서 전시 관람들을 대상으로 ‘자율주행 스마트로봇체어’를 3주간 시범...,박미영 기자,2022년 10월 26일 14:50
"AI가 승부 예측까지, LG유플러스 AI 브랜드 ‘익시(ixi)’ 공개","LG유플러스는 지난 25일 기자간담회를 열어 AI 서비스 통합 브랜드 ‘익시(ixi)’를 공개하고, AI가 적용된 스포츠 승부예측·고객센터·소상공인 서비스...",박미영 기자,2022년 10월 26일 14:49
세상을 바꾸는 우리만의 ‘툰(webtoon)’이 있다,고용노동부 산하기관인 안전보건공단(이하 공단)은 지난 25일 ‘2022년 산업안전 웹툰 공모전’의 우수작 6편에 대한 시상식을 개최했다. 이번 공모전은 다...,박미영 기자,2022년 10월 26일 14:48
"ETRI, 만화로 쉽게 풀어쓴 ‘2035 미래세상’ 발간",국내 연구진이 2020년 국가지능화 계획을 도출한 바 있는 ‘기술발전지도 2035’를 쉽고 재밌게 만화로 다시 펴냈다. 한국전자통신연구원(ETRI)은 20...,박미영 기자,2022년 10월 26일 14:46
"KB금융, 국내 금융그룹 최초 ‘AI 윤리기준’ 제정",KB금융그룹은 최근 활성화되고 있는 인공지능(AI) 기술을 활용하는 금융서비스에 대한 신뢰 향상을 위해 ‘AI 윤리기준’을 제정했다. AI 윤리란 AI 기...,박미영 기자,2022년 10월 26일 14:45
"KB금융, 플랫폼 경쟁력 강화 및 융·복합형 인재 육성 위한 ‘KB 테크포럼 2022’ 개최","KB금융그룹은 지난 21일 디지털·IT 부문 임직원 등이 참석한 가운데 AI, 클라우드, 데이터 및 IT 인프라 부문에서 KB가 추진 중인 사업의 주요 개...",박미영 기자,2022년 10월 26일 14:44
"경기도, 대테러 관계기관 합동훈련 실시",경기도는 지난 25일 수원시 팔달구 옛 경기도청사에서 ‘2022 경기도 대테러 관계기관 합동훈련’을 실시했다. 경기도와 경기남부경찰청이 공동으로 주관한 이...,박미영 기자,2022년 10월 26일 14:43
국립외교원의 구글 설문지로 둔갑한 북한 연계 해킹 공격 발견 ,최근 국립외교원 외교안보연구소에서 ‘2022 외교안보연구소(IFANS) 국제문제회의’의 모시는 글처럼 위장한 북한 연계 해킹 공격이 등장해 관련된 업무에 ...,김영명 기자,2022년 10월 26일 14:39
"유럽 에너지 위기, IT 산업에 어떤 영향을 미치는가","유럽의 에너지 위기가 심각하다. 다가오는 겨울, 유럽인들의 생활이 힘들고 척박해질 것 역시 이제는 기정 사실로 보인다. 생활만이 문제가 아니다. 최소 수개...",문가용 기자,2022년 10월 26일 14:36
"씨유박스, SK증권 MTS에 비대면 실명확인 솔루션 도입 계약 체결",인공지능 얼굴인식 전문기업 (주)씨유박스는 지난달 19일 SK증권의 모바일 트레이딩 시스템(MTS)에 AI 얼굴인식 실명확인 솔루션을 공급 계약을 체결했다...,엄호식 기자,2022년 10월 26일 14:31
스마트홈 안전 위해 사이버보안 인재들이 겨룬다,월패드 등 스마트홈 구성요소들이 보안취약점을 드러내 피해가 발생하고 있어 이에 대한 대책 마련이 시급하다. 이에 정부는 스마트홈 기기의 보안성 강화를 위한...,원병철 기자,2022년 10월 26일 14:30
POS 멀웨어의 재유행? 16만 7천여 개 신용카드 번호 유출돼,"보안 외신 핵리드에 의하면 지난 해 2월부터 올해 9월 8일까지 POS 멀웨어를 활용한 악성 캠페인이 진행됐고, 이를 통해 공격자들은 16만 개 이상의 신...",문가용 기자,2022년 10월 26일 13:41
SQ라이트 데이터베이스에서 22년 된 취약점 발견돼,보안 외신 해커뉴스에 의하면 인기 높은 SQ라이트 데이터베이스 라이브러리에서 22년 된 취약점이 발견됐다고 한다. 2000년 10월에 코드를 변경하면서 생...,문가용 기자,2022년 10월 26일 13:40
"하이브 랜섬웨어 갱단, 타타파워에서 훔쳐낸 정보 공개 중",보안 블로그 시큐리티어페어즈에 의하면 하이브(Hive) 랜섬웨어 갱단이 인도 최대의 전력 회사인 타타파워(Tata Power)에서 훔쳐낸 정보를 공개하기 ...,문가용 기자,2022년 10월 26일 13:38
"미국 사법부, 라쿤스틸러에 연루된 우크라이나인 기소",IT 외신 블리핑컴퓨터에 의하면 26세 우크라이나인 청년이 사이버 범죄 활동 혐의를 받아 미국에 기소됐다고 한다. 이 인물은 지난 3월 체포됐으며 현재 네...,문가용 기자,2022년 10월 26일 13:37
"미국 CISA, 시스코와 기가바이트의 취약점에 대해 새로운 경고 발표",미국의 사이버 보안 전담 기관인 CISA가 ‘알려진 취약점 목록(KEV)’에 새로운 취약점들을 추가했다고 보안 외신 시큐리티위크가 전했다. 시스코 제품에서...,문가용 기자,2022년 10월 26일 13:36
"2022년 3분기, 앱 취약점 노린 인포스틸러 많았다","2022년 3분기에는 인포스틸러 악성코드가 기승을 부렸으며, 주로 애플리케이션 취약점을 노린 것으로 나타났다. 또한 공격자들은 업종별로 큰 차이 없이 골고...",원병철 기자,2022년 10월 26일 11:26
싱가포르 AI 월드에서 선보인 문서중앙화 기반 국산 AI 지식관리 솔루션,엠클라우독이 지난 10월 12일 싱가포르에서 열린 Big Data&AI World에서 문서중앙화 기반 AI 지식관리 솔루션 ‘aidoc(아이독)’을 선보였...,원병철 기자,2022년 10월 26일 10:56
AI 버추얼 휴먼 활용한 고품질 영상 제작 서비스 ‘AI 스튜디오 페르소’ 론칭,AI 서비스 전문 기업 이스트소프트(대표 정상원)는 AI 버추얼 휴먼을 활용한 영상 제작 서비스인 ‘AI 스튜디오 페르소(AI Studio Perso)’를...,원병철 기자,2022년 10월 26일 10:00
"KISA, 광주광역시와 시민의 정보접근성 향상 위한 한글도메인 도입 업무협약","한국인터넷진흥원(KISA, 원장 이원태)은 광주광역시(시장 강기정)와 광주광역시 관내 홈페이지 등에 한글 도메인을 적용하는 업무협약을 광주광역시청에서 체결...",김영명 기자,2022년 10월 26일 08:44
[인사] 소방청,"◇직무대리  △경기도소방재난본부장 조선호(소방청 장비기술국장, 소방감) △장비기술국장 김문용(소방청 장비총괄과장, 소방준감) (2022. 10. 25. 자...",김영명 기자,2022년 10월 26일 08:43
"소프트웨어 공급망 보안을 강화하려는 구글의 야심찬 계획, GUAC",구글이 새로운 오픈소스 관련 프로젝트를 시작한다고 발표했다. 현재 보안 업계 최대 화두인 오픈소스 보안과 소프트웨어 공급망 보안에 대한 새로운 방향을 제시...,문가용 기자,2022년 10월 25일 17:46
"화웨이, 제13회 ‘글로벌 모바일 브로드밴드 포럼’ 방콕에서 개최","화웨이가 25일 태국 방콕에서 제13회 ‘글로벌 모바일 브로드밴드 포럼(Global Mobile Broadband Forum, 이하 ‘MBBF’)’을 개최...",김영명 기자,2022년 10월 25일 17:08
"개인정보위, ‘2022 마이데이터 국제 콘퍼런스’ 개최한다","개인정보보호위원회(위원장 고학수)가 주최하고, 한국인터넷진흥원(원장 이원태)이 주관하는 ‘2022 마이데이터 국제 콘퍼런스(Mydata Global Con...",김영명 기자,2022년 10월 25일 15:23
우리은행 앱 먹통... 25일 월급날이라 사람 몰렸다?,우리은행의 모바일뱅킹 애플리케이션인 ‘우리WON뱅킹’에서 오전 한때 접속이 지연되는 사고가 발생해 해당 시간대에 서비스를 이용하고자 하던 소비자들이 불편을...,김영명 기자,2022년 10월 25일 15:00
"애플, iOS 16.1 패치 발표하며 제로데이 취약점 해결",보안 외신 시큐리티위크에 의하면 애플이 이번 주 월요일 대규모 OS 패치를 진행했다고 한다. 가장 눈에 띄는 건 이미 공격자들이 먼저 발견해 익스플로잇 하...,문가용 기자,2022년 10월 25일 13:27
"1백만 번 이상 설치된 크롬 플러그인, 사용자 추적해",IT 외신 블리핑컴퓨터가 악성 구글 크롬 플러그인을 유포하는 멀버타이징 캠페인에 대하여 보도했다. 공격자들은 크롬의 커스터마이징을 편리하게 할 수 있게 해...,문가용 기자,2022년 10월 25일 13:26
"쿠바 랜섬웨어, 우크라이나 공격 중",보안 블로그 시큐리티어페어즈에 의하면 악명 높은 쿠바(Cuba) 랜섬웨어의 운영자들이 우크라이나의 사회 기반 시설들을 공격하기 시작했다고 한다. 경고는 우...,문가용 기자,2022년 10월 25일 13:24
"사이드와인더 APT, 새로운 백도어 사용해 파키스탄 공격",보안 외신 해커뉴스에 의하면 악명 높은 APT 단체인 사이드와인더(Sidewinder)가 새로운 백도어를 활용하기 시작했다고 한다. 새로운 백도어의 이름은...,문가용 기자,2022년 10월 25일 13:23
암호화폐 탈취 노린 북한 해커조직 제작 추정 악성 앱 발견,최근 북한의 사이버 공격 단체인 ‘코니(Konni)’ 해커 그룹이 제작해 공격에 활용한 것으로 추정되는 악성 앱이 많이 발견되고 있다. 이번 공격의 배후에...,김영명 기자,2022년 10월 25일 11:09
"알체라, 미 서부 최대 전력회사 ‘PG&E’와 AI 산불 감지 솔루션 공급 파트너십 체결",영상인식 AI 전문기업 알체라(대표 황영규)가 미국 서부 최대 전력회사인 ‘PG&E(Pacific Gas and Electric Company)’와 인공지...,엄호식 기자,2022년 10월 25일 10:49
"전원·데이터 접속 ‘USB-C’ 기준, 국가표준으로 제정된다","산업통상자원부 국가기술표준원은 전자제품의 커넥터형상, 전원 공급 및 데이터 전송을 USB-C 타입으로 통합·호환해 산업경쟁력을 확보할 수 있도록 국가표준(...",박미영 기자,2022년 10월 25일 10:49
데이터 기반 농업 정책 의사 결정 지원 교육 선도하다,농식품공무원교육원(이하 교육원)은 새 정부 국정과제인 ‘농업의 디지털 혁신’을 지원하기 위해 농식품 분야 공무원을 대상으로 ‘농식품 디지털 혁신’ 교육 과...,박미영 기자,2022년 10월 25일 10:45
"우리 군, 미 사이버사 주관 사이버 플래그 훈련 최초 참가",우리 군은 사이버작전사령부 주도로 미 사이버사령부가 주관하는 다국적군 연합 사이버 방어훈련인 사이버 플래그(Cyber Flag) 훈련에 최초로 참가한다.,박미영 기자,2022년 10월 25일 10:44
"전 세계 기업의 84%, 아이덴티티 관련 침해 경험한 바 있어",초혁신과 빠르게 진화하는 기술이 글로벌 기업의 성장을 이끌어나감에 따라서 성숙한 아이덴티티 프로그램은 기업의 대규모 디지털 기능을 보호하고 활성화하는데 필...,김영명 기자,2022년 10월 25일 10:40
"소방청, 겨울철 실내·캠핑장에서 일산화탄소 중독 조심하세요","소방청은 잘못된 난방기기 사용으로 인한 일산화탄소 중독사고 발생을 예방하기 위해, 생활 속 실천 습관 및 대응 요령을 담은 안전 수칙을 준수해 줄 것을 강...",박미영 기자,2022년 10월 25일 10:39
"SKT, 철도연과 5G 기반 열차 자율주행 통신 테스트 성공",SK텔레콤은 한국철도기술연구원이 개발한 열차 자율주행 핵심 기술인 ‘5G 차상통신장치’에 5G 에지 클라우드와 5G 품질 최적화 기술을 적용해 저지연 통신...,박미영 기자,2022년 10월 25일 10:36
"LG CNS, 데이터 생태계 확산 나선다",DX 전문기업 LG CNS가 약 57만명의 기업 임직원들이 이용하는 이커머스 서비스 ‘라이프케어’의 쇼핑 데이터 세트를 KDX(한국데이터거래소)에 신규 등...,박미영 기자,2022년 10월 25일 10:35
"KAIST, 상상만으로 원하는 방향으로 사용 가능한 ‘로봇 팔, 뇌-기계’ 인터페이스 개발",KAIST 뇌인지과학과 정재승 교수 연구팀이 인간의 뇌 신호를 해독해 장기간의 훈련 없이 생각만으로 로봇 팔을 원하는 방향으로 제어하는 뇌-기계 인터페이스...,박미영 기자,2022년 10월 25일 10:33
"아쿠아 시큐리티, ‘아쿠아 SW 공급망 보안 솔루션’ 출시","선도적인 순수 클라우드 네이티브 보안업체 아쿠아 시큐리티(Aqua Security, 이하 ‘아쿠아’)가 업계 최초이자 유일한 엔드투엔드(End-to-End...",김영명 기자,2022년 10월 25일 10:32
"KETI, 인공지능 기반 실시간 이미지 초고해상화 세계 대회서 1위 쾌거",한국전자기술연구원(KETI)은 지난 23일 이스라엘 텔아비브에서 온라인으로 개최된 인공지능(AI) 기반 실시간 이미지 초고해상화 국제 대회에서 우승을 차지...,박미영 기자,2022년 10월 25일 10:20
범죄 현장의 CCTV 속 ‘흐릿한’ 눈·코·입.... AI로 한층 ‘또렷이’ 인식한다,지스트(광주과학기술원) 연구진이 인공지능(AI) 딥러닝 기술을 적용해 저화질 영상에서도 눈·코·입 등 사람 얼굴의 주요 특징을 잘 인식할 수 있는 기술을 ...,박미영 기자,2022년 10월 25일 09:42
"지질자원연, 데이터 및 AI 전문가 양성 본격화",한국지질자원연구원(KIGAM)은 지질자원 연구데이터 공유·활용 활성화 및 인공지능생태계 조성 기반 아이디어 창출을 위한 ‘2022 지질자원 데이터 활용 및...,박미영 기자,2022년 10월 25일 09:35
"구리시, 2022년 찾아가는 산하기관 개인정보보호 컨설팅 실시",구리시는 지난 21일 5개 산하기관을 대상으로 ‘찾아가는 개인정보보호 컨설팅’ 추진 계획을 발표했다. 이번 개인정보보호 컨설팅 사업은 산하기관이 보유한 개...,박미영 기자,2022년 10월 25일 09:31
"대우조선해양, 선박·함정 사이버보안 기술 국산화 나선다",대우조선해양은 고려대 정보보호대학원이 지난 21일 개최한 ‘2022 스마트모빌리티 세미나’에서 ‘2024년 선박 사이버보안 의무화 규정에 대한 국산화 개발...,박미영 기자,2022년 10월 25일 09:16
국내 최대 규모 ‘2022 사이버공격방어대회’ 개최,"대구시는 국가정보원, 국가보안기술연구소, 경북도와 함께 오는 27일부터 ‘2022 사이버공격방어대회(Cyber Conflict Exercise)’를 대구 ...",박미영 기자,2022년 10월 25일 09:14
"대전교육청, 사이버테러 대비 점검 및 보안 관리 내실화","대전시교육청은 각급 학교의 보안 업무 이행 실태 점검을 통해 보안의 중요성을 인식하고 학교 보안기강을 확립하기 위해 고등학교, 특수학교를 대상으로 하반기 ...",박미영 기자,2022년 10월 25일 09:10
"안산도시공사, ‘범죄 예방 우수 공영주차장’ 34개소로 증가",안산도시공사가 운영하는 공영주차장 18개소가 경찰로부터 범죄 예방 우수 주차장 인증을 획득했다. 공사는 상록수역환승주차장(180개면) 등 상록구 내 공영주...,박미영 기자,2022년 10월 25일 09:07
"인천시, 퀘벡을 만나다... ‘2022 IFEZ 스마트시티 국제심포지엄’ 개최","인천경제자유구역청은 ‘2022 IFEZ 스마트시티 국제 심포지엄’을 25일 개최한다. 이번 심포지엄은 ‘인천, 퀘벡을 만나다’를 슬로건으로 인천과 퀘벡의 ...",박미영 기자,2022년 10월 25일 09:03
"서울시-호반건설, 스토킹범죄 피해자 등에 디지털 도어록 150대 지원",서울시와 호반건설이 스토킹범죄 피해 예방을 위해 즉시 잠김 기능이 장착된 디지털 도어록 150대를 시민들에게 지원한다. 이와 관련해 서울시는 지난 24일 ...,박미영 기자,2022년 10월 25일 09:00
"서울시, ‘서울디지털금융페스티벌’ 사전등록 시작","서울시는 글로벌 디지털금융 전문가와 금융기관 관계자, 국내외 빅테크(거대 정보 기술)·핀테크(금융 기술) 기업과 투자자 등 디지털 금융인들이 한자리에 모이...",박미영 기자,2022년 10월 25일 08:58
"소방청, 항공기 사고 합동 수색구조훈련 실시",소방청은 25일 논산시 강경읍 황산대교 일원에서 항공기 추락사고 발생을 가정한 ‘2022년도 육상 항공기 사고 합동 수색구조훈련’을 실시한다.,박미영 기자,2022년 10월 25일 08:53
"광주시, 한국마이크로소프트 혁신허브 설립 본격화",광주시가 중소·중견 및 스타트업의 역량 강화와 해외 진출을 지원하기 위한 창업 공간인 ‘한국마이크로소프트 혁신허브’ 설립을 본격화한다. 광주시는 지난 20...,박미영 기자,2022년 10월 25일 08:46
"산업부, ‘새정부 소부장 정책 방향’에 발맞춘 ‘소부장 으뜸기업’ 선정 추진","산업통상자원부는 ‘소부장 으뜸기업 3기 선정 계획’을 25일부터 공고하고, 반도체·디스플레이 등 7개 분야의 소부장 으뜸기업을 추가 선정해 기술개발·사업화...",박미영 기자,2022년 10월 25일 08:45
호흡으로 사람 구별하는 생체인식 기술 상용화 가능할까?,야나기다 타케시 일본 규슈대 통합재료학 및 공학연구소 교수는 도쿄대와 협력해 인간의 호흡에서 뿜어져 나온 화합물을 분석해 개인을 식별할 수 있는 후각 센터...,김영명 기자,2022년 10월 24일 18:05
"키스톤시큐리티, 암호화 솔루션 AMOA에 블록체인 암호 알고리즘 SM4 추가",국내 보안 기업 키스톤시큐리티 연구소는 자사의 암호화 솔루션 제품(AMOA)에 국내 최초로 중국 전국 무선랜에서 사용하는 블록체인 암호 알고리즘 SM4를 ...,김영명 기자,2022년 10월 24일 17:54
"라쿤 스틸러 악성코드, 버전2로 업그레이드해 3년 만에 재등장 ",인포스틸러 악성코드 중 하나인 라쿤 스틸러(Raccoon Stealer)가 2019년 처음으로 등장한 이후 3년여만에 Raccoon Stealer v2로 ...,김영명 기자,2022년 10월 24일 17:26
한화에어로스페이스 및 한화디펜스 2023년 정기 임원 인사 실시,한화에어로스페이스 전략부문과 사업부문 및 한화디펜스는 24일 2023년도 정기 임원 인사를 실시했다. 한화에어로스페이스 관계자는 “글로벌 전략 실행 및 신...,엄호식 기자,2022년 10월 24일 17:25
"공격자들, 비밀번호 대입 공격할 때 머리 많이 쓰지 않는다",두 가지 유형의 흔한 서버들을 표적으로 한 크리덴셜 기반 공격 수천만 건을 분석했더니 두 손에 꼽을 수 있을 정도의 비밀번호들로부터 비롯된다는 사실이 드러...,문가용 기자,2022년 10월 24일 16:51
[2022 국감] 공공기관 개인정보 유출사고↑ 처분기관·조사인력↓,공공기관의 개인정보 유출사고가 늘어나고 있지만 이에 대한 처분과 조사인력은 제자리걸음을 하고 있다는 지적이 나왔다. 국회 정무위원회 소속 이용우 의원(더불...,원병철 기자,2022년 10월 24일 16:31
[한국정보보호학회 칼럼] 보안교육과 게이미피케이션,‘재미없고 어려운 보안교육’의 형상을 슬기롭게 전환하기 위한 방법으로 ‘보안 게이미피케이션(Security Gamification)’을 제안한다. 이는 보...,원병철 기자,2022년 10월 24일 13:23
"시간과 노력을 줄이고도 더 안전하게, MS Security의 지향점 ","“복잡한 보안을 단순화하고, TI와 AI, 자동화를 통해 위협을 감소시킨 후, 운영 효율성을 통해 더 잘 보호할 수 있는 환경을 만드는 것, 바로 MS가 ...",원병철 기자,2022년 10월 24일 13:17
이란 핵 시설에서 정체 모를 해커들의 침투 발견돼,외신 워싱턴포스트에 의하면 아직 정체를 알 수 없는 해킹 단체가 이란 핵 시설에 침투했음을 이란 정부가 공개했다고 한다. 해킹에 노출된 것은 이란의 원자력...,문가용 기자,2022년 10월 24일 12:14
수천 개의 깃허브 리포지터리에서 가짜 PoC 유포되고 있어,IT 외신 블리핑컴퓨터에 의하면 깃허브에서 가짜 개념증명용 익스플로잇들이 수천 개 이상 발견됐다고 한다. 다양한 취약점들에 대한 익스플로잇 코드랍시고 개발...,문가용 기자,2022년 10월 24일 12:13
"이모텟, RAR 파일 통해 멀웨어 퍼트리고 있어",보안 외신 해커뉴스에 의하면 악명 높은 멀웨어인 이모텟(Emotet)을 활용한 새로운 캠페인이 시작됐다고 한다. 현재 이모텟의 운영자들은 비밀번호가 걸린 ...,문가용 기자,2022년 10월 24일 12:11
의료 단체의 데이터 분석 도구 통해 300만 정보 유출돼,보안 외신 시큐리티위크에 의하면 비영리 단체인 어드보킷오로라헬스(Advocate Aurora Health)에서 3백만 명의 개인 건강 정보가 구글이나 페이...,문가용 기자,2022년 10월 24일 12:10
"대형 도소매 업자 메트로, 사이버 공격에 당해",거대 유통 업자인 메트로(METRO)가 사이버 공격에 당했다고 보안 블로그 시큐리티어페어즈가 보도했다. 이 때문에 일부 IT 시스템이 마비됐다고 한다. 이...,문가용 기자,2022년 10월 24일 12:09
국내 응답자 46%가 무인매장 선호... 영상감시 및 QR코드 자동출입 시스템 필요성 인식,"엑시스는 소비자 조사 분석 기관인 ‘밀리우 인사이트(Milieu Insight)’에 의뢰해 APAC(아시아·태평양) 내 9개국에서 진행했으며, 우리나라에서...",김영명 기자,2022년 10월 24일 11:55
"알체라, ‘대한민국 AI 역량 강화 프로젝트’ 웨비나 개최",영상인식 AI 기업 알체라(대표 황영규)는 다음 달 3일 ‘대한민국 AI 역량 강화 프로젝트’ 웨비나를 온라인 ZEP 스트리밍으로 오후 4시부터 6시까지 ...,김영명 기자,2022년 10월 24일 11:47
"[ISEC 2022] 파수, 기존 한계 뛰어넘는 도면 보안과 혁신 기술 소개",ISEC 2022 첫째 날인 18일 D트랙에서 파수 윤형동 수석연구원이 ‘기존의 한계를 뛰어넘는 도면 보안 및 협업의 혁신 기술’ 주제로 강연을 진행했다....,김경애 기자,2022년 10월 24일 11:44
"[ISEC 2022] 세일포인트 테크놀로지, Zero Trust 시대의 Identity 보안",ISEC 2022 첫째 날인 18일 D트랙에서 SailPoint Technology Inc 김주헌 상무가 ‘Zero Trust 시대의 Identity 보안...,김경애 기자,2022년 10월 24일 11:24
"[ISEC 2022] 지란지교시큐리티, 모바일 보안 시장의 변화와 대응방안 제시  ",ISEC 2022 첫째 날인 18일 D트랙에서 지란지교시큐리티 모바일보안사업부 김인환 이사가 ‘모바일 보안 시장의 변화와 대응’이란 주제로 강연을 진행했다...,김경애 기자,2022년 10월 24일 11:21
"[ISEC 2022] 이글루코퍼레이션, 슬기로운 SOC 운영 생활 노하우 공개",ISEC 2022 첫째 날인 18일 D트랙에서 이글루코퍼레이션 황범석 기술지원센터장이 ‘슬기로운 SOC 운영 생활-SIEM과 SOAR를 결합하여 SOC 슬...,김경애 기자,2022년 10월 24일 11:15
"[ISEC 2022] 에지오, 제로데이 공격 대응방안 제시 ",ISEC 2022 첫째 날인 18일 C트랙에서 에지오 Richard Yew 보안 솔루션 수석 이사가 ‘보안 공격의 최신 실제 현황과 봇넷 및 제로 데이 어...,김경애 기자,2022년 10월 24일 11:13
"[ISEC 2022] 이에스티씨, 문서화되지 않은 도구 사용하는 표적 공격 그룹 실체는?",ISEC 2022 첫째 날인 18일 C트랙에서 이에스티씨 Andhika Wirawan Head of Strategic Business Development...,김경애 기자,2022년 10월 24일 11:10
"[ISEC 2022] 아카마이, 최신 위협 트렌드 변화와 랜섬웨어 생태계 공유 ",ISEC 2022 첫째 날인 18일 C트랙에서 한준형 아카마이 테크놀로지스 기술영업 상무가 ‘최신 위협 트렌드 변화와 랜섬웨어 생태계’ 주제로 강연을 진행...,김경애 기자,2022년 10월 24일 11:08
"[ISEC 2022] 소프트캠프, 수요자 관점의 선제적인 공급망 공격 대응방안",ISEC 2022 첫째 날인 18일 C트랙에서 전익찬 소프트캠프(레드펜소프트) 부사장이 ‘수요자 관점의 선제적인 공급망 공격 대응 방안’을 주제로 강연을 ...,김경애 기자,2022년 10월 24일 10:58
"파수, 사회복지법인 굿네이버스 데이터 보안 플랫폼 구현",파수(대표 조규곤)는 사회복지법인 굿네이버스(대표 이호균)에 문서 보안 및 데이터 식별·분류 등의 데이터 보안 솔루션을 공급했다. 굿네이버스는 파수의 다양...,김영명 기자,2022년 10월 24일 10:56
"[ISEC 2022] 테이텀 시큐리티, 클라우드 보안의 모든 것을 한 번에!",ISEC 2022 둘째 날인 19일 B트랙에서 테이텀 시큐리티 박수현 개발이사는 ‘클라우드 보안의 모든 것을 한 번에!’라는 주제로 강연을 진행했다. 박수...,김영명 기자,2022년 10월 24일 10:36
"KISA, 재중 한국기업 대상 개인정보보호 온라인 세미나 개최","한국인터넷진흥원(KISA, 원장 이원태)은 개인정보보호위원회(위원장 고학수)와 함께 중국 노선에 취항하는 국내 항공사 및 중국 소재 한국기업을 대상으로 중...",원병철 기자,2022년 10월 24일 10:34
"[ISEC 2022] 모니터랩, SASE 기반 클라우드 보안 기술에 대한 이해",ISEC 2022 둘째 날인 19일 B트랙에서 류봉현 모니터랩 본부장은 ‘SASE 기반의 클라우드 보안 기술에 대한 이해’를 주제로 강연을 진행했다. 류봉...,김영명 기자,2022년 10월 24일 10:32
"[ISEC 2022] 시큐레터, 리버스 엔지니어링 기술 활용한 악성코드 탐지 자동화 사례",ISEC 2022 둘째 날인 19일 D트랙에서 시큐레터 임차성 대표는 ‘리버스 엔지니어링 기술 활용한 악성코드 탐지 자동화 사례-악성코드 차단을 위한 차세...,김영명 기자,2022년 10월 24일 10:28
"[ISEC 2022] 시큐어레터, 차세대 무선침입방지 시스템의 현재와 미래 ",ISEC 2022 둘째 날인 19일 D트랙에서 시큐어레터 김찬석 연구소장은 ‘차세대 무선침입방지 시스템 DeepTrust AIR’를 주제로 강연을 진행했다...,김영명 기자,2022년 10월 24일 10:27
"금융보안원, 금융 분야 마이데이터 통합인증 중계서비스 실시","금융보안원(원장 김철웅)은 금융 분야 마이데이터 통합인증을 효과적으로 지원하기 위한 마이데이터 통합인증 중계시스템을 성공적으로 구축, 약 3개월간의 시범서...",원병철 기자,2022년 10월 24일 10:26
"[ISEC 2022] 멘로시큐리티, 제로 트러스트의 시작 브라우저 격리",ISEC 2022 둘째 날인 19일 D트랙에서 멘로시큐리티 코리아 김성래 지사장은 ‘제로 트러스트의 시작 브라우저 격리’를 주제로 강연을 진행했다. 김성래...,김영명 기자,2022년 10월 24일 10:24
"[ISEC 2022] 센티넬원, “Must have EDR, 선택이 아닌 필수입니다”","ISEC 2022 둘째 날인 19일 B트랙에서 센티넬원 박정수 이사는 ‘Must have EDR, 선택이 아닌 필수입니다’라는 주제로 강연을 진행했다. 박...",김영명 기자,2022년 10월 24일 10:13
"[ISEC 2022] 에스에스앤씨, 하이브리드 업무환경에서 요구되는 SSE로의 전환 전략 ","ISEC 2022 둘째 날인 19일 D트랙에서 에스에스앤씨 조창석 상무(영업대표)는 ‘하이브리드 업무환경에서 요구되는 보안의 단순화 전략, SSE(보안서비...",김영명 기자,2022년 10월 24일 10:02
우버 해킹 사고와 전 CISO의 판결이 우리 모두에게 갖는 의미,CISO로 지내기에 매우 어려운 시기다. 지난 몇 주간 보안 업계는 우버와 관련된 이야기들에 많은 관심을 가질 수밖에 없었다. 장난 같기도 하지만 그냥 웃...,문가용 기자,2022년 10월 24일 01:11
"티맵모빌리티, “자동차 사이버보안의 ‘T’rust Mobility 꿈꾼다”",티맵모빌리티가 자동차 제조사를 제외한 국내 모빌리티 기업 중 최초로 ISO/SAE 21434 자동차 사이버보안 엔지니어링 국제 표준의 11개 전 영역 인증...,김영명 기자,2022년 10월 24일 01:08
[보.알.남] 데이터 폭탄으로 상대방 컴퓨터 마비시키는 플러딩 공격,"플러딩(Flooding)이란 어떤 노드에서 온 하나의 패킷(데이터 전송에 사용되는 데이터 묶음)을 라우터에 접속돼 있는 다른 모든 노드로 전달하는 것으로,...",김영명 기자,2022년 10월 24일 00:41
[보안&이슈] 코로나도 끝이 보이는데... 끝이 보이지 않는 랜섬웨어 공포 ,코로나19 만큼이나 우리를 끊임없이 괴롭히는 랜섬웨어 이슈가 있다. 러-우크라이나 전쟁 이슈에 가려져 덜 주목되는 것처럼 보이나 여전히 기업을 노리고 활개...,김경애 기자,2022년 10월 24일 00:31
"[ISEC 2022] 엠클라우독, 인공지능 지식관리의 세계적 흐름과 국산 솔루션 적용사례 ",아시아 최대 규모 시큐리티 콘퍼런스 ISEC 2022 둘째 날인 19일 D트랙에서 엠클라우독 임경은 연구원은 ‘인공지능 지식관리의 세계적 흐름과 국산 솔루...,김영명 기자,2022년 10월 23일 23:35
"‘5G 넘어 세계는 6G의 시장으로’... NESAS, 글로벌 통신보안 기준 세운다",한국정보보호학회(학회장 이옥연 국민대 교수) 산하 5G보안연구회(위원장 유일선 교수)가 21일 그랜드하얏트 서울 호텔에서 ‘5G-Advanced 보안 비전...,김영명 기자,2022년 10월 23일 16:45
"KISIA, ‘정보보호’ 4개 분야 대상 분야별 전문강사 모집","한국정보보호산업협회(회장 이동범, 이하 ‘KISIA’)는 KISIA 한국정보보호교육원이 운영하고 있는 정보보호 인력 양성 교육사업 고도화를 위해 분야별 전...",김영명 기자,2022년 10월 23일 00:11
"충북대 산업인공지능연구센터, 제3회 ‘+AI 메이커톤 경진대회’ 개최",충북대 산업인공지능연구센터는 오는 27일까지 제3회 ‘+AI 메이커톤 경진대회’ 참가자를 모집한다. 이번 경진대회는 산업 현장의 애로 사항을 인공지능 기술...,박미영 기자,2022년 10월 23일 00:08
"충남대, ‘2022년 디지털골목식당 사업’ 성과보고회 개최",충남대와 유성구가 ‘2022년 디지털 골목식당’의 사업 성과와 우수 사례 공유를 위한 성과보고회를 개최했다. 지역협력본부와 유성구는 지난 20일 사업 참여...,박미영 기자,2022년 10월 23일 00:05
"충남도, 산업 디지털 전환 선도 ‘박차’",충남도가 국비 100억원을 확보해 앞으로 5년간 산업 디지털 전환 적합성 인증 및 실증 기반 구축 사업을 추진한다. 도는 산업통상자원부가 주관한 ‘산업 디...,박미영 기자,2022년 10월 23일 00:04
"단국대, ‘자율주행차 디지털 포렌식·AI 기반 영상인식시스템’ 기술이전 성공",단국대가 지난 21일 디지털 포렌식 및 AI 기반 영상인식 기술에 대한 2억원 규모의 중대형 융복합 기술이전 계약을 체결하는 데 성공했다. 이전 기술은 우...,박미영 기자,2022년 10월 22일 23:59
"KISTI, 트렌토 시스템즈 외 대전시 기업들과 지능형 공장과 망분리 보안 실증 추진","한국과학기술정보연구원(KISTI)은 지역 산업계의 디지털 전환 고도화를 위해 트렌토 시스템즈, 엑센솔루션, 금성백조주택과 기술 협력을 통해 5G 기반 지능...",박미영 기자,2022년 10월 22일 23:57
"KAIST, 스스로 새로운 환경 적응하는 인공지능 기술 개발",KAIST 전기및전자공학부 이성주 교수와 AI대학원 신진우 교수 연구팀이 공동연구를 통해 스스로 환경 변화에 적응하는 테스트타임 적응 인공지능 기술을 개발...,박미영 기자,2022년 10월 22일 23:54
"KAIST, ‘국제 미래자동차 기술 심포지엄 2022’ 개최",KAIST가 지난 21일 제주시에 위치한 KAIST 친환경스마트자동차연구센터에서 ‘국제 미래자동차 기술 심포지엄’을 개최했다. ‘미래 자동차 분야의 혁신(...,박미영 기자,2022년 10월 22일 23:53
한국형 재난안전통신모델(K-SafeNet) 해외 진출 모색한다,행정안전부는 주요 국가의 공공안전통신망 현황을 공유하고 국제협력 방안을 논의하기 위한 ‘2022 공공안전통신망 토론회(2022 Public Safety S...,박미영 기자,2022년 10월 22일 23:51
"농진청, 인공지능 활용 유전자변형 유채 판별 소프트웨어 개발","농촌진흥청은 유전자변형(GM) 유채와 자생 유채를 구별할 수 있는 소프트웨어를 개발했다고 밝혔다. 농촌진흥청은 지난해 유전자변형 유채, 자생 유채, 근연종...",박미영 기자,2022년 10월 22일 23:30
데이터센터 화재 및 서비스 장애 관련 제도적·기술적 혁신 방안 마련한다,과학기술정보통신부는 관계 부처 및 민간의 전문가들과 함께 이번 카카오 서비스 장애를 일으킨 원인 분석과 향후 대응 방안을 마련한다. 앞으로 과기정통부는 이...,박미영 기자,2022년 10월 22일 23:26
소프트웨어 배운 미래 세대가 활용해 만드는 디지털 세상으로 초대,과학기술정보통신부(이하 과기정통부)가 주최하고 한국지능정보사회진흥원이 주관하는 ‘제4회 한국코드페어’ 본선이 22일 개최됐다. 올해 4번째로 추진되고 있는...,박미영 기자,2022년 10월 22일 19:39
[주말판] CISO/CIO/CDO들을 위한 이디스커버리 간단 요약,이디스커버리(E-discovery) 기술을 보유하고 있다는 건 법적 분쟁의 소용돌이에 휘말린 상황에서 큰 강점으로 다가온다. 법무 상담 전문 회사인 엑스테...,문가용 기자,2022년 10월 22일 11:41
"과기정통부-경찰청, ‘제8회 과학치안 아이디어 공모전’ 시상식 개최",과학기술정보통신부와 경찰청은 지난 21일 제4회 국제치안산업대전(인천 송도)에서 ‘제8회 과학치안 아이디어 공모전’ 시상식을 개최했다.,박미영 기자,2022년 10월 22일 11:40
"[ISEC 2022] 나온웍스, OT/ICS 보안 위협 유형 및 대응방안 소개 ",ISEC 2022 첫째 날인 18일 A트랙에서 나온웍스 이성훈 수석은 ‘OT/ICS 보안 위협 유형 및 대응 방안’을 주제로 발표했다. 이 수석은 “폐쇄적...,김영명 기자,2022년 10월 21일 18:00
"[ISEC 2022] 노조미네트웍스, OT 보안 구축 시 이것만은 꼭!",ISEC 2022 첫째 날인 18일 A트랙에서 노조미네트웍스 박양수 이사는 ‘OT 보안 구축 시 이것만은 꼭!’이라는 강연에서 “OT 보안위협의 종류로는 ...,김영명 기자,2022년 10월 21일 17:54
"[ISEC 2022] 포티넷, 스마트팩토리 보호 위한 OT보안 아키텍처와 단계적 적용방안 ",ISEC 2022 첫째 날인 18일 A트랙에서 포티넷 박현희 이사는 ‘스마트팩토리 및 기반시설 보호를 위한 OT보안 아키텍처와 단계적 적용방안 소개’를 발...,김영명 기자,2022년 10월 21일 17:51
"[ISEC 2022] 강남구청, 안전한 스마트시티 구현 위한 도시관제센터 로드맵 제시 ",ISEC 2022 둘째 날인 19일 A트랙에서 서재오 강남구청 재난안전과 도시관제팀장은 ‘안전한 스마트시티 구현을 위한 (강남)도시관제센터의 발전 로드맵’...,엄호식 기자,2022년 10월 21일 17:45
"[ISEC 2022] 마크애니, 모니터 화면 촬영통한 정보 유출시, 유출자 추적 방법 및 사례",ISEC 2022 둘째 날인 19일 A트랙에서 최고 마크애니 대표이사는 ‘모니터 촬영 통한 내부 정보 유출발생 시 포렌식 워터마크로 유출자 추적하는 방법 ...,엄호식 기자,2022년 10월 21일 17:43
마이크로소프트도 벗어날 수 없었던 전형적인 데이터 유출 사고,클라우드 저장소의 설정 오류로 인한 대량 데이터 유출 사고가 IT 대기업인 MS에서도 발생했다. MS는 자사 보안 대응 센터를 통해 “앞으로 고객이 될 수...,문가용 기자,2022년 10월 21일 17:42
"[ISEC 2022] 씨게이트테크놀로지, 스토리지에 대한 새로운 정의와 효과적인 활용법",ISEC 2022 둘째 날인 19일 A트랙에서 김정균 씨게이트 테크놀로지 프리세일즈 부장은 ‘스토리지에 대한 새로운 정의’를 주제로 강연을 진행했다. 김정...,엄호식 기자,2022년 10월 21일 17:42
"[ISEC 2022] 한화테크윈, 영상보안에서의 AI 솔루션 개발 현황 소개",ISEC 2022 둘째 날인 19일 A트랙에서 노승인 한화테크윈 AI연구소 소장이 ‘영상 보안 산업의 AI 개발 현황’을 주제로 강연을 진행했다. ,엄호식 기자,2022년 10월 21일 17:41
"[ISEC 2022] 지란지교에스앤씨, 워라밸이 가능한 방화벽 정책관리",ISEC 2022 둘째 날인 19일 A트랙에서 정욱 지란지교에스앤씨 이사가 ‘워라벨이 가능한 방화벽 정책관리’를 주제로 강연을 진행했다. 정욱 이사는 “I...,엄호식 기자,2022년 10월 21일 17:38
"[ISEC 2022] 리얼시큐, 스피어피싱 예방 위한 새로운 메일 보안 대책 제시 ",ISEC 2022 둘째 날인 19일 D트랙에서 리얼시큐 손지훈 과장은 ‘스피어피싱 예방 위한 새로운 메일 보안 대책’을 주제로 강연을 진행했다. 손지훈 과...,김영명 기자,2022년 10월 21일 17:32
"[ISEC 2022] 시높시스, 오픈소스 보안 자동화에 대한 글로벌 산업 사례 소개 ",ISEC 2022 둘째 날인 19일 B트랙에서 시놉시스 필립 이반치크(Phillip Ivancic)는 ‘Global Industry Case Studies...,김영명 기자,2022년 10월 21일 17:30
"[ISEC 2022] 시큐아이, 취약점 중심의 네트워크 보안 정책 강화",ISEC 2022 둘째 날인 19일 B트랙에서 시큐아이 신명기 프로는 ‘취약점 중심의 네트워크 보안 정책 강화’를 주제로 강연을 진행했다. 신명기 프로는 ...,김영명 기자,2022년 10월 21일 17:22
"[ISEC 2022] 엔시큐어, API 리스크 가시화 및 위협 완화 방안 제시 ",아시아 최대 규모 시큐리티 콘퍼런스 ISEC 2022 둘째 날인 19일 B트랙에서 엔시큐어 손장군 이사는 ‘API 리스크 가시화 및 위협 완화 방안’을 주...,김영명 기자,2022년 10월 21일 17:10
"[ISEC 2022] 한국IBM & 두산디지털이노베이션,  차세대 XDR을 통한 SOC 고도화 방안",ISEC 2022 둘째 날인 19일 A트랙에서 나병준 한국IBM 보안 사업부 실장과 마기평 두산디지털이노베이션 보안사업팀 팀장이 ‘공공·민간 EDR 도입 ...,엄호식 기자,2022년 10월 21일 17:04
"Qakbot 악성코드, 행위탐지 우회 기능 더해 국내 유포... 이메일 하이재킹 방식",지난 9월에도 출현했던 칵봇(Qakbot) 악성코드가 국내 사용자를 대상으로 유포되고 있는 것이 확인됐다. 해당 악성코드는 ISO 파일을 이용한 점을 포함...,김영명 기자,2022년 10월 21일 16:59
"믹스폴, 파트너 솔루션 세미나 개최 ",믹스폴(대표 송제덕)은 20일 서울 가산동 엑시스 한국지사에서 파트너 솔루션 세미나를 개최했다고 밝혔다. 이번 세미나에서는 믹스폴의 채널파트너 지원프로그램...,엄호식 기자,2022년 10월 21일 16:50
"엔피코어, 싱가포르 정부주관 정보보안행사 ‘거브웨어’, 즉석 백업 선보여 ",엔드포인트 전문 보안회사 엔피코어(대표 한승철)는 지난 10월 18~20일 3일간 싱가포르 정부주관 정보보안 행사인 ‘거브웨어(GovWare)’에 참가했다...,김경애 기자,2022년 10월 21일 16:49
"시큐레터, ‘사이버 시큐리티 월드 아시아 2022’ 통해 해외시장 공략 박차",악성코드 탐지 및 차단 전문기업 시큐레터(대표 임차성)가 지난 10월 12일부터 13일까지 양일간 싱가포르 마리나 베이 샌즈에서 열린 ‘사이버 시큐리티 월...,김경애 기자,2022년 10월 21일 16:44
데이터베이스 설정 오류로 2.4TB 데이터 유출시킨 마이크로소프트,보안 외신 핵리드에 의하면 MS가 데이터베이스 설정 오류 때문에 어마어마한 양의 고객 정보를 노출시켰다고 한다. 보안 업체 SOC레이더(SOCRadar)에...,문가용 기자,2022년 10월 21일 12:34
"어즈니프 멀웨어, 은행 계좌 탈취에서 최초 침투 툴로 변경돼","악명 높은 뱅킹 멀웨어인 어즈니프의 새로운 변종이 나타났다고 IT 외신 블리핑컴퓨터가 보도했다. 은행 고객들을 노리는 기능은 전부 사라지고, 최초 침투를 ...",문가용 기자,2022년 10월 21일 12:33
"올드그렘린 랜섬웨어, 수많은 러시아 조직들 공략해",보안 외신 해커뉴스에 의하면 지난 2년 반 동안 올드그렘린(OldGremlin)이라고 하는 랜섬웨어 운영자들이 러시아 내 16개 조직들을 공격해 왔다고 한...,문가용 기자,2022년 10월 21일 12:31
"우크라이나의 기반 시설 공격하는 러시아, 인터넷 통신도 훼방",보안 블로그 시큐리티어페어즈에 의하면 우크라이나의 인터넷 통신을 끊거나 느리게 하려는 공작이 발견됐다고 한다. 10월 10일부터 러시아는 우크라이나의 기반...,문가용 기자,2022년 10월 21일 12:30
민간의 주도적 참여로 디지털 인재 부국 실현한다,과학기술정보통신부는 지난 20일 민·관 디지털 인재 양성의 구심점인 ‘디지털 인재 얼라이언스’ 공식 출범식을 개최했다. 이날 행사는 ‘디지털 인재 얼라이언...,박미영 기자,2022년 10월 21일 11:30
"경찰청, ‘제1회 대테러부대 국제세미나’ 개최",경찰청은 ‘테러방지법’상 국내 일반 테러 사건의 주관기관으로서 지난 20일 ‘제1회 대테러부대 국제세미나’를 개최했다. 올해 처음 개최되는 대테러부대 국제...,박미영 기자,2022년 10월 21일 11:28
"주영창 과학기술혁신본부장, 첫 양자산업 현장 행보로 양자통신기업 IDQ 방문",과학기술정보통신부 주영창 과학기술혁신본부장은 지난 20일 양자통신·센서 기업인 아이디퀀티크(IDQ)를 방문해 연구개발 및 상용화 현황을 청취하고 의견을 나...,박미영 기자,2022년 10월 21일 11:27
"한-아세안, 재난관리 연대·협력 첫걸음 내딛다",행정안전부는 지난 20일 아세안 국가와의 재난관리 협력 강화를 위해 ‘제1차 한-아세안 재난관리 장관회의’를 개최하고 다양한 재난관리 상호 협력 방안을 논...,박미영 기자,2022년 10월 21일 11:26
"주영창 과학기술혁신본부장, 첨단 기술로 미래를 달리는 ‘자율주행 실증단지’ 방문","과학기술정보통신부 주영창 과학기술혁신본부장은 지난 20일 관계 부처 합동으로 자동차안전연구원 자율주행 실증단지(경기 화성 소재)를 방문, ‘자율주행 기술개...",박미영 기자,2022년 10월 21일 11:25
"국표원, ‘연료전지 기술위원회(IEC/TC 105)’ 회의 개최",수소를 이용해 전기에너지를 만들어 내는 연료전지 기술 분야의 선도국 전문가들이 서울에 모여 국제표준화 전략을 논의했다. 산업통상자원부 국가기술표준원은 ‘연...,박미영 기자,2022년 10월 21일 11:22
"KT, WBA 어워드에서 ‘최고 와이파이 네트워크 사업자상’ 수상",KT는 지난 19일(현지 시각) 네덜란드 암스테르담에서 개최된 ‘WBA(Wireless Broadband Alliance) 어워드’에서 ‘최고 와이파이 네...,박미영 기자,2022년 10월 21일 11:20
"LG유플러스, 양자내성암호·물리적 복제 방지 기술 동시 적용 가상사설망 세계 최초 개발",LG유플러스가 사물인터넷(IoT) 보안 전문 기업 ICTK 홀딩스와 함께 양자내성암호(PQC)와 물리적 복제 방지 기술(PUF)을 동시에 적용해 CCTV의...,박미영 기자,2022년 10월 21일 11:19
"삼성전자, ‘삼성 소프트웨어 개발자 콘퍼런스’ 11월 개최","삼성전자가 11월 15일부터 16일까지 ‘삼성 소프트웨어 개발자 콘퍼런스(Samsung Software Developer Conference, 이하 SSD...",박미영 기자,2022년 10월 21일 11:15
"블록체인인텔리전스그룹, 한국 시장 진출 세미나 성공적으로 개최",글로벌 블록체인 거래분석 및 추적 솔루션기업 블록체인인텔리전스그룹(BIockchain Intelligence Group. 이하 ‘BIG’)은 서울 서초구 ...,김영명 기자,2022년 10월 21일 11:14
"KAIST, 악천후에서도 자율주행 가능케 하는 4D 레이더 인공지능 기술개발",KAIST 조천식모빌리티대학원 공승현 교수 연구팀이 세계 최초로 악천후 상황에서 안정적인 자율주행을 가능하게 하는 4D 레이더(Radar)의 주변 객체 인...,박미영 기자,2022년 10월 21일 11:04
"서울디지털재단 ‘어디나 지원단’, 신기술 체험 교육으로 디지털 역량 UP",서울디지털재단이 ‘디지털 약자’인 어르신의 디지털 격차 문제 해소의 일환으로 지난 19~21일 신기술 체험 프로그램을 운영했다. 이번 체험 교육은 빠르게 ...,박미영 기자,2022년 10월 21일 10:30
스마트폰 촬영만으로 3차원 홀로그램 재현이 가능하다,한국전자기술연구원(KETI)은 수십개의 이미지만으로도 3차원 입체 홀로그램을 프린팅할 수 있는 기술을 개발했다고 밝혔다. KETI 홀로그램연구센터는 인공지...,박미영 기자,2022년 10월 21일 10:29
"윈스, 부산시와 전문화된 정보보안 제공 위한 사업투자 협약",사이버보안 전문기업 윈스(대표 김보연)는 부산광역시(시장 박형준)가 개최하는 수도권 기업 대상 투자설명회에서 사업투자에 대한 업무 협약을 맺었다고 밝혔다.,김영명 기자,2022년 10월 21일 10:28
"디지털 트윈은 누구에게 필요하며, 왜 필요한가?","오늘 날의 네트워크가 하루가 다르게 복잡하게 변하고 있다는 사실은 강조해 봐야 입만 아프다. 이 때문에 네트워크 관리 팀은 네트워크 연결성, 클라우드 상태...",문가용 기자,2022년 10월 21일 10:24
"SK이노베이션 울산CLX, 안전지킴이 ‘지능형 로봇’과 ‘사각지대 제로’ 만든다","SK이노베이션이 핵심 사업장 SK이노베이션 울산Complex(울산CLX)에 첨단 로봇들을 도입한다. 근로자의 안전한 근무여건 마련, 안정적인 설비 운영에 ...",박미영 기자,2022년 10월 21일 10:09
"팔로알토 네트웍스, 오픈소스 구성요소 분석 소프트웨어로 클라우드 네이티브 보안 강화","글로벌 차세대 보안 선도 기업 팔로알토 네트웍스(Palo Alto Networks, 지사장 이희만)는 업계 최초의 컨텍스트 인지형 소프트웨어 구성 분석(S...",김영명 기자,2022년 10월 21일 10:08
"대형 산불 위험도, 인공지능으로 1주일 전에 예측한다",지스트(광주과학기술원) 지구·환경공학부 윤진호 교수는 美 퍼시픽 노스웨스트 국립연구소(미국 에너지부 산하 국립연구소) 등 국제 공동 연구팀과 함께 날씨예측...,박미영 기자,2022년 10월 21일 10:06
"현대모비스, 영상 분석 AI 알고리즘 개발로 생산공정 안전 획기적 개선",현대모비스가 자체 개발한 인공지능(AI) 솔루션을 활용해 생산공정 안전사고 예방에 나섰다. 비디오 분석과 AI 알고리즘을 적용해 생산라인의 작업자 안전을 ...,박미영 기자,2022년 10월 21일 10:05
"강석균 안랩 대표, ‘CAMP’ 회원국 주요 공직자 대상 기업 방문 행사 진행",강석균 안랩 대표는 20일 경기 성남시 판교 안랩 사옥에서 제7차 ‘글로벌 사이버보안 협력 네트워크(Cybersecurity Alliance for Mut...,김영명 기자,2022년 10월 21일 10:02
"알체라, 미국 ‘산타클라라 화재안전협회’와 산불감지 솔루션 공급 계약 체결",영상인식 AI 기업 알체라(대표 황영규)는 미국 ‘산타클라라 카운티 화재안전협회(SCCFSC)’와 인공지능 산불감지 솔루션 공급 계약을 체결했다고 21일 ...,엄호식 기자,2022년 10월 21일 10:00
"현대차그룹, 소프티어 부트캠프 참가자 모집",현대차그룹이 채용 연계형 교육 과정인 ‘소프티어 부트캠프 2023’을 개최하고 참가자 모집에 나섰다. 현대차그룹이 부트캠프를 개최하는 것은 이번이 처음이다...,박미영 기자,2022년 10월 21일 09:57
미래 스마트 교통 환경 대비 ‘데이터 속에서 찾아내는 교통안전 세상’ 첫걸음,도로교통공단은 지난 18일 데이터 기반 행정 활성화를 위한 ‘데이터 분석·활용 경진대회’를 개최했다. 이번 경진대회는 데이터 분석 활용 우수 사례와 아이디...,박미영 기자,2022년 10월 21일 09:47
"기계연, 미세 바늘까지 잡을 수 있는 코끼리 코 로봇 손 세계 최초 개발",과학기술정보통신부 산하 한국기계연구원(기계연)은 코끼리가 물건을 잡을 때 작은 물체는 코 끝을 오므려 잡고 큰 물체는 코로 공기를 들이마시며 잡는 동작을 ...,박미영 기자,2022년 10월 21일 09:44
"제주대, ‘국방 메타버스 보안 세미나’ 개최","제주대 대학원 융합정보보안협동과정과 군사안보지원사령부 예하 379군사안보지원부대는 제주대 교사교육센터에서 ‘변화의 시대, 국방과 미래 메타버스 보안’을 주...",박미영 기자,2022년 10월 21일 09:32
"세종대, 국내 대학 최초로 SW코딩 시험 실시",세종대 산학협력단 SW역량평가인증원은 오는 11월 5일 오전 10시 세종대 대양AI센터에서 제3회 SW코딩역량평가(Test Of Software Codin...,박미영 기자,2022년 10월 21일 09:30
